actual,predicted
Site Reliability Engineer,Site Reliability Engineer
Prompt Engineer,MLOps Engineer
Data Analyst,Data Scientist
AI Product Manager,Data Scientist
NLP Engineer,AI Product Manager
MLOps Engineer,NLP Engineer
AI Engineer,Data Analyst
Java Developer,Java Developer
Machine Learning Engineer,Prompt Engineer
Data Analyst,Data Scientist
MLOps Engineer,Data Scientist
Java Developer,Java Developer
AI Engineer,Computer Vision Engineer
AI Engineer,NLP Engineer
MLOps Engineer,Computer Vision Engineer
Data Scientist,NLP Engineer
Data Scientist,MLOps Engineer
AI Engineer,Data Scientist
NLP Engineer,Computer Vision Engineer
Data Engineer,Data Engineer
AI Researcher,Prompt Engineer
MLOps Engineer,AI Engineer
MLOps Engineer,AI Engineer
Computer Vision Engineer,Machine Learning Engineer
Blockchain Developer,Blockchain Developer
Data Scientist,AI Product Manager
Data Scientist,Data Analyst
Machine Learning Engineer,Data Scientist
Data Engineer,Data Engineer
NLP Engineer,Machine Learning Engineer
Computer Vision Engineer,AI Product Manager
Java Developer,Java Developer
NLP Engineer,Prompt Engineer
Computer Vision Engineer,AI Researcher
AI Researcher,Machine Learning Engineer
Data Analyst,AI Product Manager
Data Scientist,AI Engineer
Data Scientist,AI Engineer
AI Engineer,Machine Learning Engineer
.NET Developer,.NET Developer
Machine Learning Engineer,NLP Engineer
Data Engineer,Data Engineer
Data Scientist,Machine Learning Engineer
AI Product Manager,Machine Learning Engineer
NLP Engineer,AI Product Manager
NLP Engineer,Prompt Engineer
Data Scientist,Prompt Engineer
AI Researcher,MLOps Engineer
Data Scientist,Machine Learning Engineer
Data Scientist,Prompt Engineer
AI Engineer,Data Scientist
Machine Learning Engineer,Machine Learning Engineer
Prompt Engineer,AI Researcher
Computer Vision Engineer,MLOps Engineer
AI Researcher,AI Product Manager
Data Scientist,Data Analyst
AI Researcher,Computer Vision Engineer
AI Researcher,NLP Engineer
NLP Engineer,AI Researcher
AI Researcher,MLOps Engineer
Prompt Engineer,AI Engineer
AI Product Manager,AI Researcher
Web Developer,Web Developer
Computer Vision Engineer,Prompt Engineer
MLOps Engineer,Machine Learning Engineer
AI Researcher,AI Engineer
Site Reliability Engineer,Site Reliability Engineer
Prompt Engineer,NLP Engineer
AI Engineer,AI Researcher
Computer Vision Engineer,Data Analyst
AI Engineer,MLOps Engineer
MLOps Engineer,AI Engineer
Machine Learning Engineer,MLOps Engineer
AI Engineer,Data Analyst
Computer Vision Engineer,Data Analyst
Machine Learning Engineer,Data Analyst
Prompt Engineer,AI Researcher
Machine Learning Engineer,AI Researcher
MLOps Engineer,Machine Learning Engineer
AI Engineer,AI Product Manager
MLOps Engineer,Prompt Engineer
AI Product Manager,AI Researcher
Site Reliability Engineer,Site Reliability Engineer
MLOps Engineer,Computer Vision Engineer
AI Researcher,AI Product Manager
Web Developer,Web Developer
Machine Learning Engineer,Data Scientist
Prompt Engineer,NLP Engineer
MLOps Engineer,AI Product Manager
AI Engineer,NLP Engineer
MLOps Engineer,NLP Engineer
Data Analyst,MLOps Engineer
AI Product Manager,Data Scientist
Prompt Engineer,NLP Engineer
MLOps Engineer,Prompt Engineer
AI Product Manager,NLP Engineer
Web Developer,Web Developer
MLOps Engineer,NLP Engineer
Data Analyst,AI Product Manager
Machine Learning Engineer,Computer Vision Engineer
Data Analyst,AI Product Manager
Computer Vision Engineer,NLP Engineer
AI Product Manager,NLP Engineer
Data Analyst,MLOps Engineer
Blockchain Developer,Blockchain Developer
Data Analyst,Prompt Engineer
Machine Learning Engineer,Prompt Engineer
Java Developer,Java Developer
Machine Learning Engineer,Data Scientist
Machine Learning Engineer,Prompt Engineer
AI Engineer,AI Product Manager
NLP Engineer,Computer Vision Engineer
Machine Learning Engineer,AI Engineer
AI Researcher,Data Analyst
Machine Learning Engineer,NLP Engineer
AI Researcher,MLOps Engineer
Data Scientist,Data Analyst
AI Researcher,MLOps Engineer
Data Scientist,MLOps Engineer
Machine Learning Engineer,MLOps Engineer
AI Engineer,AI Researcher
Computer Vision Engineer,Data Scientist
AI Product Manager,Data Analyst
Prompt Engineer,Data Analyst
Web Developer,Web Developer
AI Engineer,AI Researcher
Data Scientist,AI Researcher
Data Analyst,NLP Engineer
Computer Vision Engineer,AI Product Manager
Machine Learning Engineer,AI Engineer
NLP Engineer,Computer Vision Engineer
AI Researcher,AI Engineer
Site Reliability Engineer,Site Reliability Engineer
AI Researcher,NLP Engineer
AI Researcher,Prompt Engineer
Data Analyst,AI Researcher
Computer Vision Engineer,AI Engineer
Data Engineer,Data Engineer
AI Researcher,Machine Learning Engineer
AI Researcher,Machine Learning Engineer
AI Engineer,NLP Engineer
Java Developer,Java Developer
Web Developer,Web Developer
Machine Learning Engineer,Prompt Engineer
Ethical Hacker,Ethical Hacker
Ethical Hacker,Ethical Hacker
Prompt Engineer,Computer Vision Engineer
AI Product Manager,MLOps Engineer
NLP Engineer,AI Engineer
MLOps Engineer,Prompt Engineer
NLP Engineer,Data Analyst
Prompt Engineer,Computer Vision Engineer
Data Analyst,NLP Engineer
MLOps Engineer,AI Researcher
Computer Vision Engineer,Machine Learning Engineer
AI Researcher,Data Analyst
Prompt Engineer,Data Scientist
Data Engineer,Data Engineer
Web Developer,Web Developer
Data Scientist,Data Scientist
Computer Vision Engineer,AI Researcher
Computer Vision Engineer,AI Researcher
Blockchain Developer,Blockchain Developer
Computer Vision Engineer,MLOps Engineer
Data Engineer,Data Engineer
Machine Learning Engineer,AI Researcher
Computer Vision Engineer,AI Engineer
MLOps Engineer,NLP Engineer
Prompt Engineer,Machine Learning Engineer
MLOps Engineer,Computer Vision Engineer
Prompt Engineer,NLP Engineer
AI Researcher,AI Product Manager
AI Researcher,Prompt Engineer
Data Analyst,MLOps Engineer
AI Researcher,AI Engineer
AI Engineer,Data Analyst
Computer Vision Engineer,Data Analyst
Machine Learning Engineer,Data Analyst
NLP Engineer,Prompt Engineer
Blockchain Developer,Blockchain Developer
AI Researcher,Machine Learning Engineer
Web Developer,Web Developer
MLOps Engineer,Computer Vision Engineer
AI Product Manager,Data Analyst
AI Product Manager,MLOps Engineer
AI Product Manager,Computer Vision Engineer
Blockchain Developer,Blockchain Developer
AI Product Manager,Data Analyst
Web Developer,Web Developer
Site Reliability Engineer,Site Reliability Engineer
AI Product Manager,AI Researcher
AI Researcher,Data Analyst
Machine Learning Engineer,Computer Vision Engineer
Machine Learning Engineer,AI Engineer
Prompt Engineer,AI Product Manager
.NET Developer,.NET Developer
AI Engineer,Data Analyst
Machine Learning Engineer,Prompt Engineer
NLP Engineer,AI Product Manager
Prompt Engineer,AI Product Manager
Game Developer,Game Developer
Machine Learning Engineer,Data Analyst
Site Reliability Engineer,Site Reliability Engineer
Prompt Engineer,Data Scientist
AI Product Manager,MLOps Engineer
Data Analyst,AI Researcher
Machine Learning Engineer,Machine Learning Engineer
AI Researcher,NLP Engineer
AI Engineer,Data Analyst
AI Engineer,Data Analyst
NLP Engineer,Data Analyst
Machine Learning Engineer,NLP Engineer
Data Scientist,MLOps Engineer
Computer Vision Engineer,AI Researcher
AI Product Manager,Computer Vision Engineer
AI Researcher,AI Product Manager
NLP Engineer,AI Researcher
Data Analyst,AI Researcher
AI Researcher,Computer Vision Engineer
NLP Engineer,AI Researcher
Prompt Engineer,Computer Vision Engineer
AI Product Manager,Computer Vision Engineer
Web Developer,Web Developer
Machine Learning Engineer,AI Engineer
Prompt Engineer,AI Product Manager
AI Product Manager,Machine Learning Engineer
Web Developer,Web Developer
Blockchain Developer,Blockchain Developer
AI Product Manager,AI Engineer
Java Developer,Java Developer
Data Analyst,AI Engineer
MLOps Engineer,Data Scientist
AI Engineer,AI Researcher
NLP Engineer,Data Scientist
AI Engineer,AI Researcher
AI Researcher,Prompt Engineer
Game Developer,Game Developer
NLP Engineer,AI Researcher
Computer Vision Engineer,Prompt Engineer
Computer Vision Engineer,Data Scientist
Web Developer,Web Developer
AI Researcher,AI Product Manager
Prompt Engineer,MLOps Engineer
MLOps Engineer,AI Engineer
Data Scientist,MLOps Engineer
Prompt Engineer,Data Scientist
Data Engineer,Data Engineer
Prompt Engineer,MLOps Engineer
AI Product Manager,Prompt Engineer
AI Researcher,AI Engineer
Game Developer,Game Developer
Data Analyst,AI Researcher
Computer Vision Engineer,Data Analyst
Data Scientist,Data Analyst
MLOps Engineer,Data Analyst
Machine Learning Engineer,Prompt Engineer
NLP Engineer,AI Researcher
Java Developer,Java Developer
Computer Vision Engineer,MLOps Engineer
NLP Engineer,Machine Learning Engineer
NLP Engineer,Computer Vision Engineer
Data Analyst,AI Researcher
MLOps Engineer,Computer Vision Engineer
Machine Learning Engineer,AI Engineer
Data Analyst,Machine Learning Engineer
Computer Vision Engineer,Prompt Engineer
AI Engineer,NLP Engineer
Game Developer,Game Developer
AI Engineer,Machine Learning Engineer
Data Engineer,Data Engineer
NLP Engineer,MLOps Engineer
Game Developer,Game Developer
Data Scientist,Prompt Engineer
Prompt Engineer,Data Analyst
Data Analyst,Computer Vision Engineer
Data Scientist,AI Engineer
Prompt Engineer,Computer Vision Engineer
AI Researcher,MLOps Engineer
Prompt Engineer,Machine Learning Engineer
Blockchain Developer,Blockchain Developer
AI Product Manager,NLP Engineer
MLOps Engineer,Machine Learning Engineer
Prompt Engineer,AI Researcher
Data Scientist,Computer Vision Engineer
MLOps Engineer,AI Product Manager
Data Scientist,Machine Learning Engineer
Data Analyst,AI Researcher
Data Analyst,Machine Learning Engineer
Data Analyst,AI Researcher
Data Analyst,MLOps Engineer
Data Engineer,Data Engineer
Java Developer,Java Developer
AI Product Manager,Prompt Engineer
Data Scientist,AI Engineer
Prompt Engineer,Machine Learning Engineer
AI Product Manager,Machine Learning Engineer
Data Analyst,Data Scientist
Prompt Engineer,Data Analyst
Ethical Hacker,Ethical Hacker
Prompt Engineer,MLOps Engineer
Data Scientist,MLOps Engineer
AI Researcher,Data Scientist
NLP Engineer,Computer Vision Engineer
Data Engineer,Data Engineer
.NET Developer,.NET Developer
MLOps Engineer,Prompt Engineer
NLP Engineer,Data Scientist
Blockchain Developer,Blockchain Developer
.NET Developer,.NET Developer
Data Scientist,NLP Engineer
AI Product Manager,Computer Vision Engineer
MLOps Engineer,Data Scientist
AI Product Manager,Data Analyst
Data Scientist,Data Analyst
AI Product Manager,Machine Learning Engineer
NLP Engineer,Prompt Engineer
MLOps Engineer,Data Scientist
Ethical Hacker,Ethical Hacker
Machine Learning Engineer,AI Engineer
AI Product Manager,NLP Engineer
Computer Vision Engineer,AI Engineer
AI Product Manager,Computer Vision Engineer
MLOps Engineer,Prompt Engineer
Prompt Engineer,Data Scientist
Computer Vision Engineer,NLP Engineer
NLP Engineer,Data Scientist
Java Developer,Java Developer
MLOps Engineer,Computer Vision Engineer
Data Scientist,MLOps Engineer
Site Reliability Engineer,Site Reliability Engineer
Data Analyst,AI Engineer
AI Product Manager,AI Engineer
AI Product Manager,MLOps Engineer
Computer Vision Engineer,AI Researcher
AI Engineer,AI Researcher
Computer Vision Engineer,MLOps Engineer
AI Engineer,Data Analyst
AI Engineer,Data Analyst
Data Analyst,Prompt Engineer
Data Scientist,Prompt Engineer
Prompt Engineer,AI Engineer
AI Engineer,AI Product Manager
AI Engineer,MLOps Engineer
AI Engineer,Prompt Engineer
Prompt Engineer,Computer Vision Engineer
Computer Vision Engineer,Data Analyst
Machine Learning Engineer,Computer Vision Engineer
Data Analyst,Machine Learning Engineer
Computer Vision Engineer,AI Researcher
Data Engineer,Data Engineer
NLP Engineer,Machine Learning Engineer
Data Scientist,Prompt Engineer
Machine Learning Engineer,MLOps Engineer
Prompt Engineer,AI Engineer
AI Product Manager,Machine Learning Engineer
Data Scientist,Machine Learning Engineer
Prompt Engineer,Computer Vision Engineer
Java Developer,Java Developer
MLOps Engineer,Machine Learning Engineer
Data Analyst,Computer Vision Engineer
Prompt Engineer,NLP Engineer
Data Analyst,Data Scientist
MLOps Engineer,NLP Engineer
Computer Vision Engineer,MLOps Engineer
MLOps Engineer,Data Scientist
Prompt Engineer,Computer Vision Engineer
Data Engineer,Data Engineer
Data Analyst,Prompt Engineer
Blockchain Developer,Blockchain Developer
Data Analyst,MLOps Engineer
AI Researcher,Machine Learning Engineer
Blockchain Developer,Blockchain Developer
Blockchain Developer,Blockchain Developer
Data Analyst,MLOps Engineer
Prompt Engineer,Data Scientist
.NET Developer,.NET Developer
MLOps Engineer,AI Engineer
Java Developer,Java Developer
AI Researcher,Machine Learning Engineer
MLOps Engineer,NLP Engineer
Prompt Engineer,AI Researcher
Blockchain Developer,Blockchain Developer
Computer Vision Engineer,AI Engineer
Data Analyst,Data Scientist
MLOps Engineer,Data Analyst
AI Product Manager,Data Analyst
Ethical Hacker,Ethical Hacker
Data Analyst,AI Engineer
Data Analyst,Computer Vision Engineer
Site Reliability Engineer,Site Reliability Engineer
.NET Developer,.NET Developer
Java Developer,Java Developer
AI Engineer,AI Product Manager
Web Developer,Web Developer
Machine Learning Engineer,Computer Vision Engineer
NLP Engineer,Computer Vision Engineer
NLP Engineer,Machine Learning Engineer
Prompt Engineer,NLP Engineer
NLP Engineer,Computer Vision Engineer
AI Engineer,Machine Learning Engineer
Machine Learning Engineer,Prompt Engineer
MLOps Engineer,Computer Vision Engineer
Data Scientist,NLP Engineer
Prompt Engineer,AI Researcher
NLP Engineer,Computer Vision Engineer
.NET Developer,.NET Developer
AI Product Manager,AI Engineer
AI Engineer,MLOps Engineer
AI Product Manager,Data Analyst
AI Researcher,NLP Engineer
AI Researcher,Data Analyst
Data Scientist,NLP Engineer
Game Developer,Game Developer
AI Researcher,AI Product Manager
AI Engineer,Data Scientist
AI Researcher,Prompt Engineer
Prompt Engineer,Data Scientist
Computer Vision Engineer,AI Researcher
MLOps Engineer,Computer Vision Engineer
NLP Engineer,AI Engineer
Computer Vision Engineer,Machine Learning Engineer
AI Engineer,Computer Vision Engineer
Machine Learning Engineer,Data Scientist
AI Product Manager,AI Engineer
Data Scientist,AI Researcher
Game Developer,Game Developer
Prompt Engineer,Computer Vision Engineer
Prompt Engineer,AI Researcher
Computer Vision Engineer,AI Researcher
Data Scientist,Machine Learning Engineer
AI Researcher,Prompt Engineer
Data Analyst,Data Scientist
NLP Engineer,Machine Learning Engineer
MLOps Engineer,Machine Learning Engineer
Machine Learning Engineer,AI Researcher
Machine Learning Engineer,Computer Vision Engineer
MLOps Engineer,Data Analyst
MLOps Engineer,AI Product Manager
Data Scientist,AI Product Manager
MLOps Engineer,AI Engineer
AI Product Manager,Computer Vision Engineer
AI Engineer,Data Scientist
MLOps Engineer,NLP Engineer
MLOps Engineer,NLP Engineer
Computer Vision Engineer,MLOps Engineer
Data Scientist,Machine Learning Engineer
MLOps Engineer,AI Product Manager
Ethical Hacker,Ethical Hacker
AI Researcher,MLOps Engineer
AI Product Manager,Prompt Engineer
Computer Vision Engineer,Data Analyst
Computer Vision Engineer,NLP Engineer
NLP Engineer,Computer Vision Engineer
NLP Engineer,MLOps Engineer
AI Engineer,Data Analyst
Machine Learning Engineer,AI Researcher
AI Researcher,AI Product Manager
Data Scientist,AI Product Manager
Machine Learning Engineer,Data Analyst
Java Developer,Java Developer
AI Researcher,NLP Engineer
AI Product Manager,Computer Vision Engineer
AI Product Manager,Data Analyst
Prompt Engineer,Machine Learning Engineer
Data Analyst,Machine Learning Engineer
Java Developer,Java Developer
AI Product Manager,Data Scientist
MLOps Engineer,NLP Engineer
Machine Learning Engineer,MLOps Engineer
Site Reliability Engineer,Site Reliability Engineer
Prompt Engineer,Machine Learning Engineer
Site Reliability Engineer,Site Reliability Engineer
.NET Developer,.NET Developer
Ethical Hacker,Ethical Hacker
Java Developer,Java Developer
Data Scientist,Prompt Engineer
Data Scientist,AI Researcher
NLP Engineer,MLOps Engineer
AI Engineer,Computer Vision Engineer
Blockchain Developer,Blockchain Developer
AI Product Manager,Prompt Engineer
Web Developer,Web Developer
Computer Vision Engineer,MLOps Engineer
Prompt Engineer,Machine Learning Engineer
Computer Vision Engineer,AI Engineer
Blockchain Developer,Blockchain Developer
Ethical Hacker,Ethical Hacker
AI Product Manager,Computer Vision Engineer
MLOps Engineer,NLP Engineer
Data Scientist,AI Researcher
Prompt Engineer,AI Product Manager
AI Researcher,NLP Engineer
Blockchain Developer,Blockchain Developer
Prompt Engineer,AI Engineer
Machine Learning Engineer,AI Product Manager
.NET Developer,.NET Developer
Prompt Engineer,AI Product Manager
Data Scientist,MLOps Engineer
NLP Engineer,AI Product Manager
AI Product Manager,Data Scientist
AI Engineer,MLOps Engineer
Prompt Engineer,Machine Learning Engineer
Prompt Engineer,AI Engineer
NLP Engineer,Computer Vision Engineer
MLOps Engineer,AI Engineer
Data Analyst,NLP Engineer
AI Researcher,AI Product Manager
Computer Vision Engineer,Data Analyst
Prompt Engineer,AI Product Manager
Data Engineer,Data Engineer
Java Developer,Java Developer
Game Developer,Game Developer
AI Engineer,AI Researcher
AI Researcher,MLOps Engineer
AI Product Manager,MLOps Engineer
Data Scientist,Data Analyst
Data Scientist,AI Researcher
Machine Learning Engineer,Computer Vision Engineer
Prompt Engineer,NLP Engineer
MLOps Engineer,AI Engineer
AI Engineer,AI Product Manager
AI Researcher,Data Analyst
NLP Engineer,Prompt Engineer
MLOps Engineer,AI Product Manager
Machine Learning Engineer,AI Product Manager
MLOps Engineer,AI Researcher
Data Engineer,Data Engineer
AI Engineer,MLOps Engineer
Computer Vision Engineer,MLOps Engineer
Machine Learning Engineer,AI Engineer
AI Engineer,AI Product Manager
MLOps Engineer,AI Product Manager
Data Scientist,MLOps Engineer
Data Analyst,MLOps Engineer
AI Product Manager,AI Researcher
Data Scientist,Machine Learning Engineer
Java Developer,Java Developer
AI Product Manager,AI Researcher
AI Engineer,MLOps Engineer
Ethical Hacker,Ethical Hacker
AI Engineer,AI Researcher
Computer Vision Engineer,Data Scientist
MLOps Engineer,Machine Learning Engineer
NLP Engineer,Data Analyst
AI Engineer,NLP Engineer
Site Reliability Engineer,Site Reliability Engineer
NLP Engineer,Data Analyst
NLP Engineer,AI Researcher
Ethical Hacker,Ethical Hacker
Machine Learning Engineer,AI Product Manager
Data Engineer,Data Engineer
Data Analyst,Machine Learning Engineer
AI Product Manager,MLOps Engineer
Data Engineer,Data Engineer
AI Engineer,Prompt Engineer
Blockchain Developer,Blockchain Developer
AI Product Manager,NLP Engineer
Machine Learning Engineer,Data Scientist
Computer Vision Engineer,AI Product Manager
AI Engineer,Computer Vision Engineer
Web Developer,Web Developer
Game Developer,Game Developer
Machine Learning Engineer,MLOps Engineer
Ethical Hacker,Ethical Hacker
AI Product Manager,Machine Learning Engineer
Machine Learning Engineer,Data Scientist
Data Scientist,AI Product Manager
Machine Learning Engineer,Data Scientist
AI Researcher,Data Scientist
Computer Vision Engineer,AI Product Manager
Computer Vision Engineer,AI Engineer
AI Researcher,Data Scientist
AI Product Manager,NLP Engineer
Data Analyst,NLP Engineer
Data Scientist,AI Product Manager
Web Developer,Web Developer
Site Reliability Engineer,Site Reliability Engineer
Data Analyst,AI Researcher
AI Engineer,MLOps Engineer
Machine Learning Engineer,Machine Learning Engineer
MLOps Engineer,NLP Engineer
AI Engineer,Prompt Engineer
Computer Vision Engineer,MLOps Engineer
Game Developer,Game Developer
AI Researcher,MLOps Engineer
MLOps Engineer,AI Engineer
Machine Learning Engineer,Data Scientist
Prompt Engineer,Computer Vision Engineer
Prompt Engineer,AI Product Manager
Prompt Engineer,Machine Learning Engineer
NLP Engineer,Machine Learning Engineer
Java Developer,Java Developer
AI Researcher,AI Engineer
MLOps Engineer,AI Engineer
Data Analyst,AI Product Manager
NLP Engineer,Data Analyst
Site Reliability Engineer,Site Reliability Engineer
Data Scientist,Computer Vision Engineer
Blockchain Developer,Blockchain Developer
MLOps Engineer,Prompt Engineer
Prompt Engineer,Computer Vision Engineer
Prompt Engineer,Machine Learning Engineer
AI Researcher,AI Product Manager
Blockchain Developer,Blockchain Developer
AI Engineer,Data Scientist
AI Engineer,AI Researcher
Data Scientist,MLOps Engineer
Data Analyst,NLP Engineer
Machine Learning Engineer,AI Engineer
Prompt Engineer,NLP Engineer
Prompt Engineer,Data Scientist
MLOps Engineer,AI Product Manager
Computer Vision Engineer,NLP Engineer
Data Engineer,Data Engineer
AI Engineer,Data Scientist
Site Reliability Engineer,Site Reliability Engineer
NLP Engineer,MLOps Engineer
MLOps Engineer,Data Scientist
Data Analyst,AI Product Manager
AI Product Manager,Prompt Engineer
Computer Vision Engineer,Machine Learning Engineer
Data Analyst,Computer Vision Engineer
MLOps Engineer,AI Product Manager
Data Analyst,Computer Vision Engineer
Computer Vision Engineer,AI Engineer
Computer Vision Engineer,AI Product Manager
.NET Developer,.NET Developer
Blockchain Developer,Blockchain Developer
Data Analyst,AI Researcher
Computer Vision Engineer,Machine Learning Engineer
AI Product Manager,MLOps Engineer
Machine Learning Engineer,Data Scientist
AI Product Manager,Data Analyst
AI Product Manager,AI Researcher
Data Engineer,Data Engineer
Site Reliability Engineer,Site Reliability Engineer
NLP Engineer,Data Scientist
Data Engineer,Data Engineer
NLP Engineer,AI Engineer
Machine Learning Engineer,Data Scientist
AI Researcher,Computer Vision Engineer
Java Developer,Java Developer
Site Reliability Engineer,Site Reliability Engineer
Computer Vision Engineer,Data Scientist
Site Reliability Engineer,Site Reliability Engineer
Machine Learning Engineer,Data Analyst
Data Scientist,Data Scientist
NLP Engineer,Data Scientist
Machine Learning Engineer,AI Product Manager
AI Researcher,Computer Vision Engineer
AI Product Manager,Prompt Engineer
NLP Engineer,Prompt Engineer
AI Researcher,NLP Engineer
Machine Learning Engineer,Data Scientist
AI Researcher,Prompt Engineer
AI Researcher,Machine Learning Engineer
MLOps Engineer,AI Product Manager
Data Scientist,Machine Learning Engineer
Blockchain Developer,Blockchain Developer
AI Product Manager,MLOps Engineer
Web Developer,Web Developer
Machine Learning Engineer,Computer Vision Engineer
AI Researcher,MLOps Engineer
AI Researcher,AI Product Manager
Prompt Engineer,NLP Engineer
NLP Engineer,AI Product Manager
Computer Vision Engineer,AI Product Manager
Web Developer,Web Developer
AI Researcher,Prompt Engineer
AI Engineer,AI Product Manager
NLP Engineer,Data Analyst
AI Engineer,AI Researcher
Computer Vision Engineer,Machine Learning Engineer
Machine Learning Engineer,NLP Engineer
NLP Engineer,AI Engineer
Computer Vision Engineer,NLP Engineer
AI Engineer,Machine Learning Engineer
Data Analyst,Prompt Engineer
AI Product Manager,Computer Vision Engineer
Data Scientist,Data Analyst
Data Scientist,Prompt Engineer
Prompt Engineer,AI Engineer
Computer Vision Engineer,Data Analyst
Prompt Engineer,Computer Vision Engineer
Machine Learning Engineer,Computer Vision Engineer
NLP Engineer,Computer Vision Engineer
NLP Engineer,MLOps Engineer
AI Product Manager,AI Researcher
Computer Vision Engineer,AI Product Manager
Prompt Engineer,Data Analyst
Data Scientist,Prompt Engineer
AI Engineer,AI Researcher
MLOps Engineer,AI Product Manager
Computer Vision Engineer,AI Engineer
AI Engineer,Prompt Engineer
NLP Engineer,Data Analyst
Site Reliability Engineer,Site Reliability Engineer
AI Engineer,NLP Engineer
Machine Learning Engineer,Prompt Engineer
AI Researcher,Data Scientist
Data Analyst,Data Scientist
NLP Engineer,Computer Vision Engineer
Machine Learning Engineer,AI Researcher
Data Scientist,Machine Learning Engineer
Game Developer,Game Developer
NLP Engineer,AI Researcher
AI Researcher,AI Product Manager
MLOps Engineer,AI Researcher
Prompt Engineer,Data Scientist
Computer Vision Engineer,AI Researcher
Blockchain Developer,Blockchain Developer
AI Engineer,Prompt Engineer
Data Scientist,Computer Vision Engineer
Computer Vision Engineer,AI Product Manager
MLOps Engineer,Data Scientist
AI Product Manager,MLOps Engineer
Prompt Engineer,AI Researcher
Data Scientist,Data Analyst
Prompt Engineer,Machine Learning Engineer
Machine Learning Engineer,AI Product Manager
Prompt Engineer,Machine Learning Engineer
Data Analyst,MLOps Engineer
Data Scientist,NLP Engineer
Prompt Engineer,Data Scientist
Ethical Hacker,Ethical Hacker
AI Engineer,MLOps Engineer
Data Scientist,AI Researcher
AI Engineer,AI Researcher
AI Product Manager,Prompt Engineer
AI Researcher,AI Product Manager
NLP Engineer,AI Engineer
NLP Engineer,Prompt Engineer
MLOps Engineer,Data Analyst
NLP Engineer,AI Engineer
Prompt Engineer,Machine Learning Engineer
MLOps Engineer,AI Product Manager
AI Researcher,Data Analyst
Computer Vision Engineer,AI Researcher
AI Product Manager,Data Analyst
AI Researcher,Computer Vision Engineer
Ethical Hacker,Ethical Hacker
.NET Developer,.NET Developer
Prompt Engineer,AI Researcher
AI Researcher,Prompt Engineer
NLP Engineer,Prompt Engineer
Data Analyst,NLP Engineer
Prompt Engineer,Data Scientist
AI Engineer,AI Product Manager
AI Engineer,NLP Engineer
NLP Engineer,AI Product Manager
Computer Vision Engineer,AI Researcher
MLOps Engineer,AI Engineer
Site Reliability Engineer,Site Reliability Engineer
AI Researcher,Prompt Engineer
Prompt Engineer,NLP Engineer
Prompt Engineer,AI Engineer
MLOps Engineer,Prompt Engineer
Blockchain Developer,Blockchain Developer
NLP Engineer,Computer Vision Engineer
Data Scientist,Prompt Engineer
Site Reliability Engineer,Site Reliability Engineer
AI Product Manager,AI Researcher
AI Product Manager,Data Analyst
AI Researcher,Computer Vision Engineer
AI Product Manager,AI Researcher
MLOps Engineer,Data Scientist
MLOps Engineer,NLP Engineer
Machine Learning Engineer,Data Analyst
NLP Engineer,Prompt Engineer
AI Engineer,Data Analyst
AI Engineer,AI Researcher
Data Analyst,Data Scientist
AI Product Manager,AI Engineer
Prompt Engineer,AI Researcher
Data Analyst,Machine Learning Engineer
NLP Engineer,AI Engineer
Data Scientist,AI Engineer
AI Engineer,Prompt Engineer
MLOps Engineer,Machine Learning Engineer
Computer Vision Engineer,Data Analyst
AI Product Manager,NLP Engineer
Site Reliability Engineer,Site Reliability Engineer
AI Product Manager,NLP Engineer
AI Researcher,AI Engineer
Data Analyst,NLP Engineer
AI Researcher,AI Engineer
Data Analyst,MLOps Engineer
Machine Learning Engineer,MLOps Engineer
NLP Engineer,Data Scientist
Prompt Engineer,Data Analyst
Data Analyst,AI Researcher
Data Analyst,Prompt Engineer
Web Developer,Web Developer
AI Product Manager,AI Researcher
Machine Learning Engineer,AI Product Manager
Data Scientist,AI Researcher
NLP Engineer,AI Product Manager
Data Analyst,Prompt Engineer
NLP Engineer,Data Analyst
Data Scientist,Data Analyst
MLOps Engineer,NLP Engineer
AI Product Manager,AI Engineer
AI Product Manager,Prompt Engineer
Computer Vision Engineer,AI Engineer
.NET Developer,.NET Developer
NLP Engineer,Computer Vision Engineer
Game Developer,Game Developer
MLOps Engineer,Machine Learning Engineer
NLP Engineer,Machine Learning Engineer
Data Scientist,MLOps Engineer
MLOps Engineer,Prompt Engineer
Data Analyst,Prompt Engineer
Data Scientist,Computer Vision Engineer
AI Engineer,Computer Vision Engineer
Prompt Engineer,Computer Vision Engineer
Data Analyst,Computer Vision Engineer
Machine Learning Engineer,AI Researcher
Data Analyst,AI Researcher
Data Scientist,AI Engineer
NLP Engineer,Computer Vision Engineer
Data Scientist,MLOps Engineer
Computer Vision Engineer,MLOps Engineer
Machine Learning Engineer,Computer Vision Engineer
NLP Engineer,Data Scientist
AI Engineer,MLOps Engineer
AI Engineer,Data Scientist
Computer Vision Engineer,Data Analyst
Data Analyst,Data Scientist
Computer Vision Engineer,Data Analyst
Computer Vision Engineer,Prompt Engineer
Prompt Engineer,MLOps Engineer
Site Reliability Engineer,Site Reliability Engineer
Data Analyst,Data Scientist
Data Scientist,MLOps Engineer
Web Developer,Web Developer
MLOps Engineer,Machine Learning Engineer
Ethical Hacker,Ethical Hacker
Data Scientist,NLP Engineer
AI Engineer,MLOps Engineer
Site Reliability Engineer,Site Reliability Engineer
Machine Learning Engineer,Data Scientist
.NET Developer,.NET Developer
Data Scientist,Computer Vision Engineer
Machine Learning Engineer,Prompt Engineer
Ethical Hacker,Ethical Hacker
Prompt Engineer,AI Researcher
AI Researcher,MLOps Engineer
Computer Vision Engineer,AI Product Manager
Data Analyst,Data Scientist
Prompt Engineer,NLP Engineer
NLP Engineer,MLOps Engineer
NLP Engineer,Computer Vision Engineer
Blockchain Developer,Blockchain Developer
Blockchain Developer,Blockchain Developer
AI Engineer,AI Product Manager
AI Product Manager,Computer Vision Engineer
Machine Learning Engineer,Computer Vision Engineer
AI Engineer,Computer Vision Engineer
Data Scientist,AI Engineer
Game Developer,Game Developer
Data Scientist,MLOps Engineer
Computer Vision Engineer,Machine Learning Engineer
Data Analyst,AI Product Manager
Machine Learning Engineer,NLP Engineer
Ethical Hacker,Ethical Hacker
Data Analyst,AI Researcher
Machine Learning Engineer,MLOps Engineer
Prompt Engineer,AI Researcher
Data Scientist,AI Researcher
MLOps Engineer,Prompt Engineer
Computer Vision Engineer,Machine Learning Engineer
Web Developer,Web Developer
AI Researcher,NLP Engineer
Computer Vision Engineer,AI Researcher
AI Engineer,Data Scientist
Machine Learning Engineer,AI Engineer
NLP Engineer,Computer Vision Engineer
AI Engineer,AI Product Manager
Blockchain Developer,Blockchain Developer
Computer Vision Engineer,Data Analyst
NLP Engineer,Machine Learning Engineer
NLP Engineer,Prompt Engineer
MLOps Engineer,Machine Learning Engineer
Blockchain Developer,Blockchain Developer
AI Researcher,Prompt Engineer
NLP Engineer,AI Engineer
AI Researcher,Data Analyst
Java Developer,Java Developer
Computer Vision Engineer,NLP Engineer
MLOps Engineer,Prompt Engineer
AI Researcher,MLOps Engineer
Machine Learning Engineer,AI Researcher
Data Scientist,MLOps Engineer
AI Engineer,MLOps Engineer
AI Researcher,AI Product Manager
MLOps Engineer,Data Analyst
AI Product Manager,Data Scientist
AI Engineer,Data Analyst
AI Researcher,Machine Learning Engineer
Data Scientist,Computer Vision Engineer
MLOps Engineer,Prompt Engineer
MLOps Engineer,Prompt Engineer
AI Engineer,Computer Vision Engineer
Data Scientist,MLOps Engineer
AI Researcher,Computer Vision Engineer
Computer Vision Engineer,Prompt Engineer
NLP Engineer,Computer Vision Engineer
Game Developer,Game Developer
Data Analyst,Machine Learning Engineer
AI Researcher,Prompt Engineer
Computer Vision Engineer,Prompt Engineer
AI Engineer,AI Researcher
AI Researcher,Data Analyst
Prompt Engineer,AI Engineer
AI Researcher,NLP Engineer
Machine Learning Engineer,Prompt Engineer
Machine Learning Engineer,Data Scientist
AI Engineer,Data Analyst
Data Analyst,AI Product Manager
.NET Developer,.NET Developer
Machine Learning Engineer,Data Scientist
NLP Engineer,Prompt Engineer
Prompt Engineer,Data Scientist
Computer Vision Engineer,Data Scientist
AI Researcher,Computer Vision Engineer
Game Developer,Game Developer
AI Researcher,Data Scientist
AI Researcher,AI Engineer
AI Researcher,NLP Engineer
Machine Learning Engineer,AI Product Manager
NLP Engineer,Machine Learning Engineer
Machine Learning Engineer,AI Product Manager
Data Analyst,MLOps Engineer
MLOps Engineer,NLP Engineer
Data Scientist,Prompt Engineer
.NET Developer,.NET Developer
AI Researcher,Computer Vision Engineer
Data Analyst,AI Researcher
AI Product Manager,AI Engineer
NLP Engineer,Data Analyst
Web Developer,Web Developer
AI Product Manager,Prompt Engineer
Prompt Engineer,MLOps Engineer
Data Engineer,Data Engineer
AI Product Manager,MLOps Engineer
Computer Vision Engineer,AI Researcher
AI Researcher,Machine Learning Engineer
AI Researcher,Data Analyst
AI Product Manager,Computer Vision Engineer
Computer Vision Engineer,Prompt Engineer
AI Engineer,Data Scientist
AI Product Manager,Data Scientist
Machine Learning Engineer,MLOps Engineer
Game Developer,Game Developer
NLP Engineer,Machine Learning Engineer
AI Researcher,Data Scientist
AI Researcher,NLP Engineer
Blockchain Developer,Blockchain Developer
AI Researcher,Prompt Engineer
Machine Learning Engineer,NLP Engineer
MLOps Engineer,AI Engineer
Game Developer,Game Developer
Blockchain Developer,Blockchain Developer
AI Engineer,Data Analyst
AI Engineer,NLP Engineer
Machine Learning Engineer,MLOps Engineer
MLOps Engineer,NLP Engineer
AI Researcher,NLP Engineer
AI Engineer,Data Analyst
Computer Vision Engineer,AI Product Manager
NLP Engineer,AI Product Manager
AI Engineer,AI Researcher
Blockchain Developer,Blockchain Developer
AI Product Manager,Prompt Engineer
Computer Vision Engineer,AI Product Manager
AI Engineer,NLP Engineer
Web Developer,Web Developer
AI Product Manager,Machine Learning Engineer
Data Analyst,NLP Engineer
Data Analyst,Prompt Engineer
Data Scientist,NLP Engineer
Prompt Engineer,MLOps Engineer
MLOps Engineer,Data Scientist
Web Developer,Web Developer
Computer Vision Engineer,AI Engineer
MLOps Engineer,Computer Vision Engineer
Site Reliability Engineer,Site Reliability Engineer
Prompt Engineer,Computer Vision Engineer
Data Analyst,AI Researcher
Data Scientist,NLP Engineer
.NET Developer,.NET Developer
MLOps Engineer,Computer Vision Engineer
.NET Developer,.NET Developer
Computer Vision Engineer,Machine Learning Engineer
NLP Engineer,AI Product Manager
Computer Vision Engineer,MLOps Engineer
Prompt Engineer,Data Analyst
NLP Engineer,Data Scientist
Data Analyst,Machine Learning Engineer
MLOps Engineer,Machine Learning Engineer
Ethical Hacker,Ethical Hacker
Ethical Hacker,Ethical Hacker
AI Engineer,NLP Engineer
AI Researcher,AI Product Manager
AI Researcher,AI Product Manager
Machine Learning Engineer,Computer Vision Engineer
AI Product Manager,AI Researcher
NLP Engineer,Computer Vision Engineer
AI Researcher,Prompt Engineer
Data Scientist,Data Analyst
Prompt Engineer,Computer Vision Engineer
Prompt Engineer,Data Scientist
NLP Engineer,Machine Learning Engineer
Computer Vision Engineer,Prompt Engineer
AI Engineer,Prompt Engineer
MLOps Engineer,Data Analyst
Machine Learning Engineer,MLOps Engineer
AI Researcher,Data Scientist
AI Engineer,AI Product Manager
Prompt Engineer,NLP Engineer
AI Researcher,Computer Vision Engineer
AI Researcher,Prompt Engineer
Machine Learning Engineer,AI Product Manager
MLOps Engineer,Data Analyst
Data Analyst,Machine Learning Engineer
Data Analyst,Machine Learning Engineer
AI Engineer,Computer Vision Engineer
Data Scientist,AI Product Manager
AI Researcher,Prompt Engineer
NLP Engineer,Prompt Engineer
AI Product Manager,Data Scientist
Data Analyst,AI Researcher
Machine Learning Engineer,Data Scientist
Game Developer,Game Developer
Blockchain Developer,Blockchain Developer
NLP Engineer,Prompt Engineer
Game Developer,Game Developer
Data Analyst,AI Researcher
AI Product Manager,Computer Vision Engineer
Computer Vision Engineer,Data Scientist
AI Engineer,Data Scientist
Prompt Engineer,MLOps Engineer
Site Reliability Engineer,Site Reliability Engineer
AI Engineer,Data Analyst
Data Engineer,Data Engineer
Prompt Engineer,Data Analyst
Prompt Engineer,Computer Vision Engineer
Data Scientist,AI Engineer
Data Scientist,Prompt Engineer
Site Reliability Engineer,Site Reliability Engineer
AI Product Manager,Computer Vision Engineer
Data Scientist,NLP Engineer
Data Engineer,Data Engineer
Computer Vision Engineer,AI Researcher
Prompt Engineer,AI Researcher
NLP Engineer,AI Product Manager
Web Developer,Web Developer
AI Product Manager,AI Researcher
Machine Learning Engineer,AI Product Manager
AI Engineer,Prompt Engineer
Prompt Engineer,AI Engineer
Web Developer,Web Developer
AI Researcher,Prompt Engineer
AI Engineer,Data Analyst
Java Developer,Java Developer
Data Scientist,AI Engineer
NLP Engineer,Computer Vision Engineer
Computer Vision Engineer,AI Product Manager
MLOps Engineer,Data Scientist
AI Researcher,Data Analyst
Data Analyst,Computer Vision Engineer
Data Scientist,AI Engineer
Prompt Engineer,Computer Vision Engineer
AI Engineer,Prompt Engineer
MLOps Engineer,Data Scientist
Data Scientist,Data Analyst
Prompt Engineer,NLP Engineer
AI Product Manager,Data Scientist
MLOps Engineer,AI Product Manager
MLOps Engineer,Prompt Engineer
Machine Learning Engineer,AI Engineer
Computer Vision Engineer,AI Product Manager
Data Scientist,Data Analyst
.NET Developer,.NET Developer
AI Product Manager,MLOps Engineer
MLOps Engineer,NLP Engineer
Prompt Engineer,NLP Engineer
Ethical Hacker,Ethical Hacker
Machine Learning Engineer,MLOps Engineer
Data Scientist,Prompt Engineer
AI Product Manager,Data Analyst
Computer Vision Engineer,AI Engineer
Machine Learning Engineer,AI Engineer
MLOps Engineer,Data Analyst
MLOps Engineer,AI Researcher
Ethical Hacker,Ethical Hacker
Blockchain Developer,Blockchain Developer
Prompt Engineer,AI Product Manager
Data Analyst,Computer Vision Engineer
Prompt Engineer,AI Product Manager
NLP Engineer,Prompt Engineer
Site Reliability Engineer,Site Reliability Engineer
AI Researcher,Data Scientist
Computer Vision Engineer,Data Scientist
Data Analyst,NLP Engineer
Game Developer,Game Developer
AI Engineer,AI Researcher
Data Analyst,Prompt Engineer
Game Developer,Game Developer
Data Scientist,NLP Engineer
MLOps Engineer,AI Researcher
AI Product Manager,MLOps Engineer
Computer Vision Engineer,Data Analyst
NLP Engineer,MLOps Engineer
AI Engineer,MLOps Engineer
Machine Learning Engineer,NLP Engineer
MLOps Engineer,Prompt Engineer
Computer Vision Engineer,AI Engineer
Data Analyst,MLOps Engineer
Machine Learning Engineer,Prompt Engineer
AI Product Manager,Data Scientist
MLOps Engineer,AI Product Manager
NLP Engineer,AI Engineer
AI Researcher,Data Analyst
Machine Learning Engineer,Data Analyst
Blockchain Developer,Blockchain Developer
Computer Vision Engineer,Data Analyst
Data Engineer,Data Engineer
AI Product Manager,Prompt Engineer
Data Scientist,Machine Learning Engineer
AI Engineer,NLP Engineer
AI Researcher,Computer Vision Engineer
AI Engineer,Data Analyst
Data Analyst,MLOps Engineer
Machine Learning Engineer,Computer Vision Engineer
NLP Engineer,AI Product Manager
AI Product Manager,Data Scientist
MLOps Engineer,Computer Vision Engineer
Data Analyst,AI Product Manager
Machine Learning Engineer,Computer Vision Engineer
Data Engineer,Data Engineer
NLP Engineer,Data Analyst
Machine Learning Engineer,Computer Vision Engineer
Site Reliability Engineer,Site Reliability Engineer
Computer Vision Engineer,AI Engineer
AI Researcher,AI Product Manager
Data Analyst,Computer Vision Engineer
Prompt Engineer,Computer Vision Engineer
Prompt Engineer,NLP Engineer
Machine Learning Engineer,AI Product Manager
AI Engineer,NLP Engineer
MLOps Engineer,Data Analyst
Prompt Engineer,AI Product Manager
Prompt Engineer,Machine Learning Engineer
AI Researcher,Data Scientist
Data Analyst,NLP Engineer
Prompt Engineer,AI Researcher
MLOps Engineer,NLP Engineer
Web Developer,Web Developer
Prompt Engineer,AI Researcher
Data Scientist,MLOps Engineer
Data Scientist,Machine Learning Engineer
MLOps Engineer,Data Scientist
AI Researcher,MLOps Engineer
Data Analyst,AI Researcher
AI Product Manager,NLP Engineer
AI Product Manager,Prompt Engineer
Machine Learning Engineer,MLOps Engineer
AI Product Manager,AI Engineer
NLP Engineer,Data Analyst
Data Engineer,Data Engineer
Prompt Engineer,Computer Vision Engineer
NLP Engineer,AI Product Manager
Data Engineer,Data Engineer
Web Developer,Web Developer
NLP Engineer,AI Researcher
Computer Vision Engineer,Machine Learning Engineer
MLOps Engineer,Computer Vision Engineer
NLP Engineer,AI Engineer
AI Product Manager,NLP Engineer
Data Analyst,AI Engineer
Ethical Hacker,Ethical Hacker
Data Scientist,Data Analyst
Data Scientist,AI Product Manager
Data Scientist,Machine Learning Engineer
Java Developer,Java Developer
Machine Learning Engineer,Data Analyst
Site Reliability Engineer,Site Reliability Engineer
AI Product Manager,MLOps Engineer
Data Engineer,Data Engineer
Data Scientist,Data Analyst
MLOps Engineer,AI Product Manager
Game Developer,Game Developer
Prompt Engineer,NLP Engineer
AI Product Manager,AI Engineer
Data Scientist,AI Researcher
Site Reliability Engineer,Site Reliability Engineer
MLOps Engineer,Data Analyst
AI Product Manager,Data Scientist
Computer Vision Engineer,Prompt Engineer
AI Product Manager,Computer Vision Engineer
NLP Engineer,AI Engineer
Data Analyst,AI Researcher
Data Scientist,AI Engineer
Data Scientist,Prompt Engineer
AI Researcher,NLP Engineer
Data Scientist,Machine Learning Engineer
AI Product Manager,Machine Learning Engineer
Data Scientist,Prompt Engineer
AI Product Manager,Computer Vision Engineer
Machine Learning Engineer,Data Analyst
NLP Engineer,Computer Vision Engineer
Blockchain Developer,Blockchain Developer
Site Reliability Engineer,Site Reliability Engineer
AI Engineer,Data Analyst
NLP Engineer,Computer Vision Engineer
AI Engineer,AI Researcher
NLP Engineer,AI Researcher
Web Developer,Web Developer
Data Analyst,NLP Engineer
AI Researcher,MLOps Engineer
NLP Engineer,Prompt Engineer
AI Engineer,Data Analyst
Web Developer,Web Developer
.NET Developer,.NET Developer
Machine Learning Engineer,MLOps Engineer
Site Reliability Engineer,Site Reliability Engineer
Machine Learning Engineer,AI Engineer
NLP Engineer,Data Scientist
AI Researcher,Data Scientist
Web Developer,Web Developer
AI Researcher,MLOps Engineer
AI Engineer,AI Researcher
NLP Engineer,Prompt Engineer
.NET Developer,.NET Developer
Data Scientist,MLOps Engineer
Machine Learning Engineer,Data Scientist
AI Product Manager,Data Analyst
Computer Vision Engineer,Machine Learning Engineer
Ethical Hacker,Ethical Hacker
NLP Engineer,Computer Vision Engineer
Machine Learning Engineer,Data Analyst
MLOps Engineer,Prompt Engineer
AI Engineer,AI Product Manager
Prompt Engineer,Data Scientist
AI Engineer,Prompt Engineer
Machine Learning Engineer,Computer Vision Engineer
Prompt Engineer,Machine Learning Engineer
AI Product Manager,AI Engineer
Blockchain Developer,Blockchain Developer
AI Engineer,Computer Vision Engineer
Data Scientist,MLOps Engineer
AI Engineer,AI Product Manager
Machine Learning Engineer,AI Engineer
Computer Vision Engineer,AI Product Manager
Web Developer,Web Developer
Prompt Engineer,Machine Learning Engineer
MLOps Engineer,Data Scientist
AI Product Manager,AI Researcher
MLOps Engineer,Prompt Engineer
AI Product Manager,AI Researcher
Java Developer,Java Developer
NLP Engineer,Data Scientist
Prompt Engineer,Machine Learning Engineer
NLP Engineer,MLOps Engineer
Prompt Engineer,AI Product Manager
AI Engineer,Data Scientist
AI Engineer,Data Analyst
AI Engineer,Data Analyst
MLOps Engineer,Data Scientist
Data Scientist,AI Researcher
Site Reliability Engineer,Site Reliability Engineer
.NET Developer,.NET Developer
AI Researcher,Prompt Engineer
Machine Learning Engineer,AI Engineer
AI Product Manager,Machine Learning Engineer
Data Scientist,Computer Vision Engineer
AI Engineer,AI Product Manager
AI Researcher,NLP Engineer
Machine Learning Engineer,Computer Vision Engineer
Data Analyst,AI Engineer
Data Scientist,AI Researcher
Prompt Engineer,Machine Learning Engineer
Prompt Engineer,Machine Learning Engineer
Site Reliability Engineer,Site Reliability Engineer
Web Developer,Web Developer
AI Researcher,AI Product Manager
NLP Engineer,AI Engineer
Java Developer,Java Developer
Machine Learning Engineer,Computer Vision Engineer
Prompt Engineer,AI Researcher
Java Developer,Java Developer
Java Developer,Java Developer
MLOps Engineer,Computer Vision Engineer
AI Researcher,Data Analyst
Data Analyst,MLOps Engineer
AI Researcher,Computer Vision Engineer
Prompt Engineer,MLOps Engineer
AI Product Manager,Machine Learning Engineer
AI Researcher,MLOps Engineer
Data Analyst,MLOps Engineer
Machine Learning Engineer,Data Scientist
Machine Learning Engineer,Computer Vision Engineer
MLOps Engineer,AI Engineer
MLOps Engineer,NLP Engineer
Prompt Engineer,AI Researcher
Prompt Engineer,AI Product Manager
AI Product Manager,AI Researcher
Site Reliability Engineer,Site Reliability Engineer
AI Researcher,Computer Vision Engineer
AI Engineer,Machine Learning Engineer
Machine Learning Engineer,Data Analyst
Data Analyst,AI Engineer
Computer Vision Engineer,Machine Learning Engineer
MLOps Engineer,Data Scientist
AI Researcher,Machine Learning Engineer
Data Analyst,AI Engineer
Computer Vision Engineer,Data Analyst
MLOps Engineer,Data Analyst
Data Scientist,AI Researcher
MLOps Engineer,Computer Vision Engineer
Blockchain Developer,Blockchain Developer
NLP Engineer,AI Engineer
Data Engineer,Data Engineer
MLOps Engineer,Machine Learning Engineer
Data Analyst,Data Scientist
Ethical Hacker,Ethical Hacker
AI Product Manager,AI Engineer
Java Developer,Java Developer
Computer Vision Engineer,AI Engineer
AI Engineer,Machine Learning Engineer
AI Product Manager,AI Researcher
AI Researcher,Machine Learning Engineer
AI Product Manager,Computer Vision Engineer
AI Researcher,Data Scientist
Computer Vision Engineer,AI Engineer
Data Scientist,Prompt Engineer
Prompt Engineer,Data Analyst
AI Product Manager,Machine Learning Engineer
MLOps Engineer,Computer Vision Engineer
Machine Learning Engineer,AI Product Manager
AI Engineer,Machine Learning Engineer
Data Analyst,Prompt Engineer
.NET Developer,.NET Developer
Data Analyst,AI Product Manager
Site Reliability Engineer,Site Reliability Engineer
Data Analyst,Computer Vision Engineer
AI Product Manager,Data Analyst
Game Developer,Game Developer
NLP Engineer,AI Engineer
NLP Engineer,Computer Vision Engineer
Ethical Hacker,Ethical Hacker
Prompt Engineer,AI Product Manager
Prompt Engineer,AI Researcher
AI Product Manager,Data Scientist
Data Analyst,Computer Vision Engineer
AI Researcher,Data Analyst
AI Product Manager,Data Scientist
Blockchain Developer,Blockchain Developer
Computer Vision Engineer,NLP Engineer
Web Developer,Web Developer
AI Researcher,Computer Vision Engineer
AI Researcher,AI Product Manager
Computer Vision Engineer,MLOps Engineer
AI Product Manager,NLP Engineer
AI Engineer,MLOps Engineer
AI Product Manager,AI Researcher
Data Scientist,Computer Vision Engineer
AI Engineer,Data Scientist
NLP Engineer,AI Engineer
AI Engineer,Machine Learning Engineer
Data Engineer,Data Engineer
NLP Engineer,Machine Learning Engineer
AI Product Manager,NLP Engineer
Computer Vision Engineer,AI Engineer
Data Scientist,AI Product Manager
AI Researcher,AI Product Manager
Web Developer,Web Developer
Prompt Engineer,AI Researcher
Computer Vision Engineer,Prompt Engineer
NLP Engineer,AI Product Manager
AI Engineer,Prompt Engineer
Data Engineer,Data Engineer
AI Researcher,Prompt Engineer
AI Product Manager,MLOps Engineer
Machine Learning Engineer,Data Scientist
Machine Learning Engineer,Computer Vision Engineer
MLOps Engineer,Prompt Engineer
Prompt Engineer,Machine Learning Engineer
Prompt Engineer,Computer Vision Engineer
NLP Engineer,AI Researcher
AI Product Manager,Prompt Engineer
Machine Learning Engineer,NLP Engineer
Ethical Hacker,Ethical Hacker
AI Researcher,Machine Learning Engineer
AI Researcher,Computer Vision Engineer
NLP Engineer,Computer Vision Engineer
Data Engineer,Data Engineer
Site Reliability Engineer,Site Reliability Engineer
NLP Engineer,Computer Vision Engineer
AI Engineer,Computer Vision Engineer
AI Engineer,Data Scientist
.NET Developer,.NET Developer
NLP Engineer,AI Researcher
Data Scientist,AI Engineer
AI Product Manager,Data Scientist
Prompt Engineer,Machine Learning Engineer
AI Engineer,MLOps Engineer
Computer Vision Engineer,Machine Learning Engineer
Data Analyst,AI Product Manager
AI Engineer,MLOps Engineer
AI Engineer,Data Analyst
MLOps Engineer,NLP Engineer
NLP Engineer,Data Analyst
Computer Vision Engineer,Data Analyst
AI Researcher,MLOps Engineer
Prompt Engineer,Prompt Engineer
AI Engineer,MLOps Engineer
Data Engineer,Data Engineer
Machine Learning Engineer,Prompt Engineer
AI Product Manager,MLOps Engineer
NLP Engineer,Computer Vision Engineer
NLP Engineer,MLOps Engineer
Machine Learning Engineer,Computer Vision Engineer
Prompt Engineer,Computer Vision Engineer
Data Scientist,AI Product Manager
Prompt Engineer,NLP Engineer
Computer Vision Engineer,AI Engineer
Data Scientist,AI Product Manager
Computer Vision Engineer,MLOps Engineer
MLOps Engineer,Machine Learning Engineer
NLP Engineer,AI Researcher
Prompt Engineer,NLP Engineer
AI Product Manager,NLP Engineer
Prompt Engineer,AI Engineer
Machine Learning Engineer,Prompt Engineer
Data Scientist,Data Analyst
Data Scientist,AI Product Manager
Data Analyst,Computer Vision Engineer
AI Researcher,MLOps Engineer
Machine Learning Engineer,AI Product Manager
Data Analyst,Prompt Engineer
AI Engineer,AI Product Manager
Data Analyst,AI Researcher
.NET Developer,.NET Developer
Computer Vision Engineer,Data Scientist
AI Researcher,Prompt Engineer
NLP Engineer,Machine Learning Engineer
AI Researcher,MLOps Engineer
Computer Vision Engineer,NLP Engineer
AI Product Manager,AI Product Manager
Blockchain Developer,Blockchain Developer
Site Reliability Engineer,Site Reliability Engineer
AI Researcher,NLP Engineer
AI Product Manager,NLP Engineer
Computer Vision Engineer,NLP Engineer
Prompt Engineer,AI Researcher
AI Researcher,NLP Engineer
Prompt Engineer,Data Scientist
Computer Vision Engineer,Data Analyst
AI Product Manager,Data Analyst
Game Developer,Game Developer
Web Developer,Web Developer
Data Scientist,NLP Engineer
AI Researcher,Machine Learning Engineer
Data Scientist,Prompt Engineer
NLP Engineer,AI Product Manager
Prompt Engineer,MLOps Engineer
Site Reliability Engineer,Site Reliability Engineer
Machine Learning Engineer,AI Researcher
Data Analyst,NLP Engineer
Machine Learning Engineer,Data Scientist
Data Engineer,Data Engineer
AI Researcher,AI Product Manager
Machine Learning Engineer,AI Researcher
MLOps Engineer,Data Scientist
AI Engineer,MLOps Engineer
AI Researcher,AI Engineer
AI Product Manager,AI Researcher
Prompt Engineer,NLP Engineer
Data Analyst,Data Scientist
Data Scientist,AI Researcher
Game Developer,Game Developer
Machine Learning Engineer,NLP Engineer
AI Engineer,Prompt Engineer
MLOps Engineer,Machine Learning Engineer
Computer Vision Engineer,Prompt Engineer
Data Scientist,AI Product Manager
AI Product Manager,Machine Learning Engineer
Computer Vision Engineer,Prompt Engineer
MLOps Engineer,Machine Learning Engineer
NLP Engineer,Machine Learning Engineer
Data Scientist,NLP Engineer
Ethical Hacker,Ethical Hacker
Prompt Engineer,Computer Vision Engineer
AI Product Manager,Machine Learning Engineer
AI Product Manager,Machine Learning Engineer
AI Product Manager,AI Researcher
Site Reliability Engineer,Site Reliability Engineer
Computer Vision Engineer,Prompt Engineer
NLP Engineer,Machine Learning Engineer
NLP Engineer,Machine Learning Engineer
Computer Vision Engineer,NLP Engineer
AI Researcher,Computer Vision Engineer
NLP Engineer,AI Product Manager
Computer Vision Engineer,NLP Engineer
AI Researcher,AI Product Manager
MLOps Engineer,Machine Learning Engineer
NLP Engineer,Prompt Engineer
Data Analyst,AI Researcher
Data Engineer,Data Engineer
AI Researcher,Data Scientist
Prompt Engineer,Data Scientist
NLP Engineer,Data Analyst
Data Scientist,AI Researcher
Computer Vision Engineer,AI Researcher
Data Analyst,AI Engineer
Machine Learning Engineer,NLP Engineer
Machine Learning Engineer,AI Product Manager
AI Product Manager,Prompt Engineer
AI Product Manager,Machine Learning Engineer
NLP Engineer,AI Product Manager
AI Product Manager,Machine Learning Engineer
Computer Vision Engineer,MLOps Engineer
AI Product Manager,Machine Learning Engineer
MLOps Engineer,Data Analyst
AI Researcher,Data Scientist
Data Scientist,Data Analyst
Prompt Engineer,AI Engineer
Data Scientist,NLP Engineer
NLP Engineer,Computer Vision Engineer
AI Engineer,Computer Vision Engineer
AI Product Manager,NLP Engineer
Machine Learning Engineer,Computer Vision Engineer
Computer Vision Engineer,Data Scientist
Machine Learning Engineer,MLOps Engineer
Prompt Engineer,AI Engineer
Computer Vision Engineer,Prompt Engineer
Data Scientist,Data Analyst
Data Analyst,AI Product Manager
Blockchain Developer,Blockchain Developer
MLOps Engineer,AI Product Manager
Machine Learning Engineer,Computer Vision Engineer
AI Researcher,Prompt Engineer
Data Analyst,Data Scientist
NLP Engineer,Data Scientist
.NET Developer,.NET Developer
AI Researcher,AI Product Manager
Data Scientist,AI Researcher
AI Product Manager,NLP Engineer
AI Engineer,Prompt Engineer
Computer Vision Engineer,Machine Learning Engineer
Web Developer,Web Developer
MLOps Engineer,AI Product Manager
Web Developer,Web Developer
Data Analyst,MLOps Engineer
Prompt Engineer,Data Analyst
Prompt Engineer,AI Engineer
.NET Developer,.NET Developer
AI Product Manager,Computer Vision Engineer
Computer Vision Engineer,MLOps Engineer
Prompt Engineer,Data Scientist
AI Engineer,Prompt Engineer
Data Engineer,Data Engineer
MLOps Engineer,Machine Learning Engineer
AI Researcher,AI Engineer
Data Scientist,AI Researcher
Machine Learning Engineer,AI Product Manager
.NET Developer,.NET Developer
Computer Vision Engineer,AI Researcher
NLP Engineer,Computer Vision Engineer
Data Analyst,NLP Engineer
Data Analyst,AI Researcher
AI Engineer,Prompt Engineer
MLOps Engineer,Machine Learning Engineer
Machine Learning Engineer,NLP Engineer
Prompt Engineer,AI Product Manager
NLP Engineer,Data Scientist
Machine Learning Engineer,Data Analyst
Game Developer,Game Developer
AI Researcher,NLP Engineer
Prompt Engineer,Data Scientist
Site Reliability Engineer,Site Reliability Engineer
AI Engineer,AI Researcher
AI Product Manager,Machine Learning Engineer
AI Product Manager,AI Engineer
Game Developer,Game Developer
NLP Engineer,AI Product Manager
Java Developer,Java Developer
Site Reliability Engineer,Site Reliability Engineer
Java Developer,Java Developer
Web Developer,Web Developer
Data Analyst,AI Product Manager
Machine Learning Engineer,NLP Engineer
Machine Learning Engineer,Prompt Engineer
AI Engineer,Prompt Engineer
MLOps Engineer,Data Analyst
Site Reliability Engineer,Site Reliability Engineer
AI Researcher,NLP Engineer
NLP Engineer,Computer Vision Engineer
Computer Vision Engineer,Data Scientist
Prompt Engineer,Computer Vision Engineer
AI Product Manager,NLP Engineer
Data Analyst,Prompt Engineer
MLOps Engineer,Data Analyst
Web Developer,Web Developer
AI Engineer,Machine Learning Engineer
Computer Vision Engineer,AI Product Manager
AI Product Manager,AI Engineer
Computer Vision Engineer,AI Engineer
Computer Vision Engineer,MLOps Engineer
AI Researcher,Prompt Engineer
Computer Vision Engineer,Data Analyst
Ethical Hacker,Ethical Hacker
AI Researcher,Machine Learning Engineer
AI Engineer,MLOps Engineer
Prompt Engineer,MLOps Engineer
AI Researcher,NLP Engineer
AI Product Manager,Machine Learning Engineer
AI Researcher,Prompt Engineer
Data Analyst,AI Engineer
MLOps Engineer,Prompt Engineer
Data Analyst,Data Scientist
Web Developer,Web Developer
AI Researcher,AI Engineer
AI Researcher,Computer Vision Engineer
Machine Learning Engineer,Data Scientist
AI Researcher,MLOps Engineer
Prompt Engineer,AI Product Manager
MLOps Engineer,NLP Engineer
AI Engineer,AI Researcher
AI Product Manager,AI Engineer
Web Developer,Web Developer
Computer Vision Engineer,Prompt Engineer
Data Scientist,Prompt Engineer
Computer Vision Engineer,AI Product Manager
Machine Learning Engineer,Prompt Engineer
Prompt Engineer,Data Scientist
Prompt Engineer,AI Product Manager
Ethical Hacker,Ethical Hacker
MLOps Engineer,NLP Engineer
Data Analyst,Data Scientist
Web Developer,Web Developer
AI Researcher,Data Analyst
Computer Vision Engineer,Machine Learning Engineer
Prompt Engineer,Data Analyst
NLP Engineer,AI Researcher
AI Product Manager,AI Researcher
Data Engineer,Data Engineer
Data Analyst,Computer Vision Engineer
MLOps Engineer,Data Analyst
.NET Developer,.NET Developer
Prompt Engineer,MLOps Engineer
AI Engineer,Computer Vision Engineer
Machine Learning Engineer,Computer Vision Engineer
Data Engineer,Data Engineer
Machine Learning Engineer,Data Analyst
Data Analyst,AI Engineer
Data Analyst,Computer Vision Engineer
NLP Engineer,Data Analyst
Blockchain Developer,Blockchain Developer
MLOps Engineer,Prompt Engineer
AI Engineer,AI Product Manager
Web Developer,Web Developer
AI Engineer,Data Analyst
Data Analyst,Prompt Engineer
Data Scientist,AI Researcher
.NET Developer,.NET Developer
.NET Developer,.NET Developer
Prompt Engineer,MLOps Engineer
Computer Vision Engineer,AI Engineer
MLOps Engineer,Data Scientist
Data Scientist,Prompt Engineer
AI Engineer,AI Researcher
MLOps Engineer,AI Researcher
AI Engineer,MLOps Engineer
Computer Vision Engineer,NLP Engineer
Machine Learning Engineer,MLOps Engineer
AI Engineer,Data Scientist
AI Product Manager,Computer Vision Engineer
AI Researcher,Computer Vision Engineer
Prompt Engineer,Data Scientist
AI Product Manager,Machine Learning Engineer
Prompt Engineer,NLP Engineer
NLP Engineer,Machine Learning Engineer
Web Developer,Web Developer
Machine Learning Engineer,NLP Engineer
Game Developer,Game Developer
Data Engineer,Data Engineer
Machine Learning Engineer,NLP Engineer
AI Product Manager,Computer Vision Engineer
Prompt Engineer,Machine Learning Engineer
AI Researcher,Data Analyst
Java Developer,Java Developer
Machine Learning Engineer,AI Researcher
MLOps Engineer,AI Product Manager
Machine Learning Engineer,AI Product Manager
Game Developer,Game Developer
Prompt Engineer,AI Product Manager
Data Scientist,NLP Engineer
Data Scientist,AI Engineer
AI Engineer,AI Product Manager
Data Scientist,Machine Learning Engineer
AI Engineer,NLP Engineer
AI Researcher,AI Engineer
Data Scientist,MLOps Engineer
Computer Vision Engineer,NLP Engineer
AI Engineer,Machine Learning Engineer
MLOps Engineer,Data Scientist
Data Scientist,AI Engineer
Ethical Hacker,Ethical Hacker
NLP Engineer,AI Researcher
AI Engineer,NLP Engineer
MLOps Engineer,AI Product Manager
MLOps Engineer,Data Analyst
AI Engineer,Data Analyst
Data Analyst,AI Researcher
Java Developer,Java Developer
NLP Engineer,MLOps Engineer
Data Scientist,Computer Vision Engineer
Web Developer,Web Developer
AI Product Manager,Data Scientist
MLOps Engineer,Computer Vision Engineer
Data Scientist,Computer Vision Engineer
Ethical Hacker,Ethical Hacker
Game Developer,Game Developer
Machine Learning Engineer,Data Scientist
AI Engineer,AI Researcher
Computer Vision Engineer,Prompt Engineer
NLP Engineer,Computer Vision Engineer
Computer Vision Engineer,AI Product Manager
MLOps Engineer,Prompt Engineer
Computer Vision Engineer,AI Researcher
AI Researcher,Data Analyst
AI Product Manager,MLOps Engineer
AI Engineer,Computer Vision Engineer
Machine Learning Engineer,Prompt Engineer
Prompt Engineer,MLOps Engineer
Data Scientist,Computer Vision Engineer
Machine Learning Engineer,Data Analyst
MLOps Engineer,AI Engineer
Data Engineer,Data Engineer
MLOps Engineer,Computer Vision Engineer
AI Product Manager,Data Scientist
AI Product Manager,Computer Vision Engineer
AI Engineer,Prompt Engineer
AI Researcher,Data Scientist
Ethical Hacker,Ethical Hacker
Computer Vision Engineer,AI Engineer
Computer Vision Engineer,NLP Engineer
AI Engineer,Data Scientist
Ethical Hacker,Ethical Hacker
Ethical Hacker,Ethical Hacker
Machine Learning Engineer,AI Researcher
AI Engineer,Computer Vision Engineer
MLOps Engineer,Prompt Engineer
Data Scientist,AI Product Manager
Data Analyst,AI Engineer
Prompt Engineer,Computer Vision Engineer
.NET Developer,.NET Developer
Prompt Engineer,NLP Engineer
Data Analyst,AI Researcher
Computer Vision Engineer,Prompt Engineer
NLP Engineer,MLOps Engineer
Computer Vision Engineer,Data Analyst
AI Engineer,MLOps Engineer
Data Scientist,Computer Vision Engineer
Prompt Engineer,AI Engineer
Data Scientist,MLOps Engineer
MLOps Engineer,Computer Vision Engineer
NLP Engineer,Data Scientist
NLP Engineer,Computer Vision Engineer
Computer Vision Engineer,Prompt Engineer
Computer Vision Engineer,AI Researcher
MLOps Engineer,Computer Vision Engineer
.NET Developer,.NET Developer
Data Engineer,Data Engineer
Computer Vision Engineer,MLOps Engineer
Blockchain Developer,Blockchain Developer
AI Engineer,MLOps Engineer
Data Analyst,NLP Engineer
Computer Vision Engineer,Machine Learning Engineer
Data Analyst,AI Engineer
NLP Engineer,AI Researcher
Game Developer,Game Developer
AI Engineer,AI Product Manager
Data Engineer,Data Engineer
Data Analyst,NLP Engineer
Data Scientist,Data Analyst
Prompt Engineer,Data Scientist
Prompt Engineer,AI Researcher
.NET Developer,.NET Developer
AI Researcher,Machine Learning Engineer
Data Scientist,AI Product Manager
MLOps Engineer,AI Engineer
Prompt Engineer,Data Analyst
MLOps Engineer,Data Analyst
AI Engineer,Machine Learning Engineer
AI Product Manager,Computer Vision Engineer
Data Analyst,AI Engineer
Machine Learning Engineer,Prompt Engineer
AI Researcher,Data Scientist
AI Engineer,Machine Learning Engineer
AI Engineer,Computer Vision Engineer
Machine Learning Engineer,AI Product Manager
Data Engineer,Data Engineer
Computer Vision Engineer,AI Engineer
Game Developer,Game Developer
AI Product Manager,Prompt Engineer
Data Scientist,MLOps Engineer
AI Engineer,Computer Vision Engineer
Blockchain Developer,Blockchain Developer
Machine Learning Engineer,AI Engineer
MLOps Engineer,Data Analyst
Machine Learning Engineer,AI Researcher
MLOps Engineer,AI Engineer
Data Scientist,AI Product Manager
Data Scientist,Computer Vision Engineer
Data Analyst,AI Product Manager
MLOps Engineer,Data Scientist
Data Engineer,Data Engineer
Data Analyst,MLOps Engineer
Machine Learning Engineer,NLP Engineer
NLP Engineer,Machine Learning Engineer
Data Scientist,MLOps Engineer
AI Product Manager,AI Researcher
AI Engineer,MLOps Engineer
AI Engineer,Data Analyst
Data Engineer,Data Engineer
Game Developer,Game Developer
Computer Vision Engineer,NLP Engineer
Computer Vision Engineer,Data Analyst
AI Product Manager,AI Engineer
Data Scientist,AI Product Manager
Data Scientist,AI Researcher
Data Analyst,AI Researcher
Ethical Hacker,Ethical Hacker
Ethical Hacker,Ethical Hacker
Game Developer,Game Developer
MLOps Engineer,Prompt Engineer
MLOps Engineer,Computer Vision Engineer
Data Scientist,AI Product Manager
Data Analyst,NLP Engineer
Game Developer,Game Developer
AI Product Manager,AI Researcher
AI Engineer,Data Scientist
AI Engineer,AI Researcher
MLOps Engineer,AI Product Manager
Java Developer,Java Developer
Computer Vision Engineer,NLP Engineer
Computer Vision Engineer,MLOps Engineer
Java Developer,Java Developer
Prompt Engineer,Data Scientist
Machine Learning Engineer,Data Scientist
MLOps Engineer,AI Product Manager
Site Reliability Engineer,Site Reliability Engineer
Computer Vision Engineer,AI Researcher
AI Researcher,Machine Learning Engineer
Game Developer,Game Developer
Prompt Engineer,Computer Vision Engineer
Computer Vision Engineer,Data Analyst
MLOps Engineer,NLP Engineer
MLOps Engineer,Computer Vision Engineer
NLP Engineer,MLOps Engineer
MLOps Engineer,Machine Learning Engineer
Data Engineer,Data Engineer
MLOps Engineer,Data Scientist
Computer Vision Engineer,NLP Engineer
AI Product Manager,Prompt Engineer
AI Engineer,Prompt Engineer
Game Developer,Game Developer
Machine Learning Engineer,Data Scientist
Machine Learning Engineer,AI Engineer
AI Product Manager,AI Engineer
Prompt Engineer,Data Analyst
Data Analyst,AI Product Manager
NLP Engineer,Prompt Engineer
.NET Developer,.NET Developer
AI Product Manager,Prompt Engineer
Computer Vision Engineer,MLOps Engineer
Blockchain Developer,Blockchain Developer
Prompt Engineer,AI Engineer
Prompt Engineer,AI Engineer
Prompt Engineer,AI Researcher
Ethical Hacker,Ethical Hacker
Data Analyst,Prompt Engineer
AI Engineer,Computer Vision Engineer
NLP Engineer,Computer Vision Engineer
MLOps Engineer,Data Analyst
Data Scientist,AI Product Manager
Blockchain Developer,Blockchain Developer
Data Scientist,Machine Learning Engineer
Site Reliability Engineer,Site Reliability Engineer
Data Scientist,Machine Learning Engineer
Blockchain Developer,Blockchain Developer
AI Researcher,MLOps Engineer
Prompt Engineer,AI Engineer
Machine Learning Engineer,Machine Learning Engineer
Data Analyst,AI Researcher
Ethical Hacker,Ethical Hacker
Blockchain Developer,Blockchain Developer
AI Engineer,AI Researcher
Game Developer,Game Developer
Game Developer,Game Developer
Computer Vision Engineer,MLOps Engineer
Prompt Engineer,Data Analyst
NLP Engineer,Computer Vision Engineer
MLOps Engineer,NLP Engineer
NLP Engineer,Computer Vision Engineer
.NET Developer,.NET Developer
AI Product Manager,Prompt Engineer
Data Analyst,Prompt Engineer
Prompt Engineer,Data Analyst
AI Researcher,AI Product Manager
Machine Learning Engineer,Data Analyst
Data Analyst,Computer Vision Engineer
Site Reliability Engineer,Site Reliability Engineer
AI Engineer,AI Product Manager
Data Analyst,Data Scientist
AI Engineer,NLP Engineer
Machine Learning Engineer,Data Scientist
Computer Vision Engineer,Data Scientist
Data Scientist,Machine Learning Engineer
AI Researcher,Prompt Engineer
Web Developer,Web Developer
MLOps Engineer,AI Product Manager
Data Scientist,Data Analyst
NLP Engineer,AI Researcher
MLOps Engineer,Prompt Engineer
AI Engineer,MLOps Engineer
Data Engineer,Data Engineer
AI Engineer,MLOps Engineer
AI Researcher,Computer Vision Engineer
NLP Engineer,AI Engineer
Prompt Engineer,NLP Engineer
Web Developer,Web Developer
Machine Learning Engineer,Data Analyst
NLP Engineer,Data Scientist
Data Analyst,AI Researcher
Computer Vision Engineer,Prompt Engineer
MLOps Engineer,Data Scientist
Game Developer,Game Developer
Prompt Engineer,NLP Engineer
AI Product Manager,Machine Learning Engineer
AI Product Manager,AI Researcher
Machine Learning Engineer,NLP Engineer
Java Developer,Java Developer
AI Engineer,Machine Learning Engineer
NLP Engineer,AI Engineer
MLOps Engineer,Computer Vision Engineer
Computer Vision Engineer,AI Researcher
Machine Learning Engineer,NLP Engineer
NLP Engineer,AI Engineer
Data Scientist,AI Engineer
MLOps Engineer,Data Scientist
MLOps Engineer,NLP Engineer
MLOps Engineer,AI Engineer
Java Developer,Java Developer
AI Researcher,MLOps Engineer
AI Engineer,Prompt Engineer
AI Researcher,MLOps Engineer
.NET Developer,.NET Developer
NLP Engineer,Prompt Engineer
Site Reliability Engineer,Site Reliability Engineer
Java Developer,Java Developer
Computer Vision Engineer,AI Product Manager
Data Analyst,AI Engineer
NLP Engineer,AI Product Manager
AI Product Manager,Machine Learning Engineer
Prompt Engineer,Data Analyst
Ethical Hacker,Ethical Hacker
Computer Vision Engineer,AI Researcher
AI Product Manager,Data Scientist
AI Engineer,Computer Vision Engineer
Java Developer,Java Developer
Computer Vision Engineer,Prompt Engineer
Java Developer,Java Developer
AI Engineer,Prompt Engineer
AI Engineer,Data Analyst
AI Product Manager,AI Engineer
Computer Vision Engineer,NLP Engineer
MLOps Engineer,Prompt Engineer
NLP Engineer,Machine Learning Engineer
Prompt Engineer,NLP Engineer
Prompt Engineer,Data Scientist
Data Scientist,MLOps Engineer
AI Product Manager,MLOps Engineer
Data Scientist,AI Researcher
Data Scientist,AI Product Manager
Data Engineer,Data Engineer
Computer Vision Engineer,Data Analyst
Data Analyst,Machine Learning Engineer
NLP Engineer,AI Researcher
Data Scientist,NLP Engineer
Computer Vision Engineer,Machine Learning Engineer
Data Scientist,Prompt Engineer
Machine Learning Engineer,Data Analyst
MLOps Engineer,Data Analyst
NLP Engineer,AI Product Manager
Data Analyst,AI Researcher
AI Engineer,MLOps Engineer
NLP Engineer,Machine Learning Engineer
AI Researcher,NLP Engineer
NLP Engineer,AI Product Manager
AI Researcher,Computer Vision Engineer
Machine Learning Engineer,NLP Engineer
Ethical Hacker,Ethical Hacker
AI Product Manager,Prompt Engineer
NLP Engineer,Computer Vision Engineer
AI Engineer,AI Product Manager
NLP Engineer,MLOps Engineer
AI Researcher,MLOps Engineer
NLP Engineer,Data Scientist
AI Researcher,AI Product Manager
Game Developer,Game Developer
Data Analyst,Machine Learning Engineer
Data Analyst,NLP Engineer
MLOps Engineer,Computer Vision Engineer
AI Product Manager,Data Scientist
Computer Vision Engineer,MLOps Engineer
AI Researcher,AI Product Manager
Data Engineer,Data Engineer
Machine Learning Engineer,NLP Engineer
AI Engineer,Prompt Engineer
Prompt Engineer,Computer Vision Engineer
Data Scientist,AI Researcher
Data Analyst,Computer Vision Engineer
Data Analyst,AI Product Manager
AI Engineer,Machine Learning Engineer
Computer Vision Engineer,NLP Engineer
Computer Vision Engineer,Data Scientist
AI Researcher,Machine Learning Engineer
AI Researcher,Prompt Engineer
Data Analyst,Data Scientist
Prompt Engineer,NLP Engineer
AI Researcher,Data Analyst
NLP Engineer,AI Researcher
Ethical Hacker,Ethical Hacker
Java Developer,Java Developer
Data Analyst,Machine Learning Engineer
AI Researcher,Data Analyst
Machine Learning Engineer,NLP Engineer
Data Scientist,Prompt Engineer
Machine Learning Engineer,Data Scientist
NLP Engineer,Computer Vision Engineer
AI Researcher,Data Analyst
Machine Learning Engineer,MLOps Engineer
Blockchain Developer,Blockchain Developer
AI Engineer,Data Scientist
AI Researcher,AI Engineer
AI Engineer,Prompt Engineer
NLP Engineer,Data Scientist
Data Scientist,Machine Learning Engineer
AI Researcher,AI Product Manager
Data Scientist,MLOps Engineer
Blockchain Developer,Blockchain Developer
AI Engineer,MLOps Engineer
Prompt Engineer,Computer Vision Engineer
Data Scientist,Computer Vision Engineer
Blockchain Developer,Blockchain Developer
Machine Learning Engineer,Machine Learning Engineer
AI Researcher,Prompt Engineer
MLOps Engineer,Computer Vision Engineer
Data Analyst,NLP Engineer
AI Product Manager,Computer Vision Engineer
Computer Vision Engineer,MLOps Engineer
.NET Developer,.NET Developer
Data Scientist,AI Researcher
MLOps Engineer,Computer Vision Engineer
Computer Vision Engineer,AI Researcher
AI Researcher,Computer Vision Engineer
Computer Vision Engineer,Data Scientist
Data Scientist,Machine Learning Engineer
Data Analyst,Computer Vision Engineer
Java Developer,Java Developer
Java Developer,Java Developer
AI Product Manager,NLP Engineer
Computer Vision Engineer,AI Engineer
.NET Developer,.NET Developer
AI Engineer,Prompt Engineer
AI Product Manager,Computer Vision Engineer
Prompt Engineer,AI Researcher
NLP Engineer,MLOps Engineer
Prompt Engineer,Computer Vision Engineer
NLP Engineer,MLOps Engineer
Computer Vision Engineer,NLP Engineer
Web Developer,Web Developer
Web Developer,Web Developer
Data Analyst,Prompt Engineer
Web Developer,Web Developer
Prompt Engineer,NLP Engineer
AI Product Manager,Data Analyst
Game Developer,Game Developer
Data Scientist,AI Researcher
Computer Vision Engineer,AI Engineer
NLP Engineer,AI Researcher
AI Product Manager,AI Engineer
AI Researcher,MLOps Engineer
Game Developer,Game Developer
AI Engineer,Data Analyst
AI Engineer,Prompt Engineer
Java Developer,Java Developer
Machine Learning Engineer,Data Scientist
Computer Vision Engineer,MLOps Engineer
Site Reliability Engineer,Site Reliability Engineer
Data Analyst,Prompt Engineer
Data Scientist,Machine Learning Engineer
MLOps Engineer,Data Analyst
NLP Engineer,Prompt Engineer
AI Researcher,Data Scientist
Prompt Engineer,Computer Vision Engineer
Machine Learning Engineer,AI Product Manager
MLOps Engineer,Computer Vision Engineer
Data Analyst,AI Researcher
AI Product Manager,NLP Engineer
AI Researcher,Computer Vision Engineer
Machine Learning Engineer,Computer Vision Engineer
Machine Learning Engineer,Data Analyst
AI Engineer,Data Scientist
.NET Developer,.NET Developer
MLOps Engineer,NLP Engineer
AI Product Manager,AI Researcher
AI Engineer,Data Analyst
Blockchain Developer,Blockchain Developer
Data Analyst,Computer Vision Engineer
Data Engineer,Data Engineer
AI Product Manager,Machine Learning Engineer
.NET Developer,.NET Developer
.NET Developer,.NET Developer
NLP Engineer,Machine Learning Engineer
NLP Engineer,Data Analyst
Data Scientist,Computer Vision Engineer
Data Analyst,AI Engineer
AI Engineer,AI Researcher
Java Developer,Java Developer
MLOps Engineer,NLP Engineer
Computer Vision Engineer,Prompt Engineer
Java Developer,Java Developer
Prompt Engineer,AI Engineer
Data Scientist,NLP Engineer
Data Scientist,NLP Engineer
Computer Vision Engineer,Data Scientist
Machine Learning Engineer,AI Engineer
NLP Engineer,Computer Vision Engineer
Computer Vision Engineer,Prompt Engineer
Ethical Hacker,Ethical Hacker
AI Product Manager,Prompt Engineer
MLOps Engineer,AI Product Manager
AI Product Manager,Data Scientist
AI Researcher,NLP Engineer
Computer Vision Engineer,Machine Learning Engineer
Data Scientist,Data Scientist
Data Analyst,Prompt Engineer
Data Engineer,Data Engineer
AI Product Manager,AI Researcher
Data Analyst,MLOps Engineer
AI Engineer,MLOps Engineer
NLP Engineer,Data Analyst
Game Developer,Game Developer
Data Analyst,Machine Learning Engineer
MLOps Engineer,Data Analyst
Computer Vision Engineer,Machine Learning Engineer
AI Engineer,Data Analyst
Data Analyst,Prompt Engineer
MLOps Engineer,Prompt Engineer
Data Scientist,AI Product Manager
AI Product Manager,NLP Engineer
AI Researcher,Data Analyst
Data Scientist,NLP Engineer
AI Researcher,AI Engineer
Computer Vision Engineer,NLP Engineer
Machine Learning Engineer,Prompt Engineer
Computer Vision Engineer,Prompt Engineer
Computer Vision Engineer,AI Researcher
Ethical Hacker,Ethical Hacker
Prompt Engineer,Data Analyst
Data Analyst,Prompt Engineer
AI Engineer,Data Scientist
Prompt Engineer,Computer Vision Engineer
AI Product Manager,Data Scientist
Game Developer,Game Developer
MLOps Engineer,AI Product Manager
Machine Learning Engineer,Data Scientist
MLOps Engineer,AI Product Manager
Data Scientist,AI Researcher
AI Product Manager,Data Scientist
Java Developer,Java Developer
Site Reliability Engineer,Site Reliability Engineer
Data Scientist,AI Engineer
Data Scientist,Prompt Engineer
Machine Learning Engineer,Machine Learning Engineer
AI Engineer,AI Product Manager
AI Researcher,Prompt Engineer
Site Reliability Engineer,Site Reliability Engineer
AI Engineer,Data Scientist
Prompt Engineer,NLP Engineer
Data Scientist,Machine Learning Engineer
Prompt Engineer,AI Engineer
MLOps Engineer,Data Scientist
MLOps Engineer,Data Analyst
AI Researcher,Prompt Engineer
Data Analyst,NLP Engineer
MLOps Engineer,AI Researcher
Prompt Engineer,Data Scientist
Blockchain Developer,Blockchain Developer
Prompt Engineer,MLOps Engineer
Data Scientist,Computer Vision Engineer
Java Developer,Java Developer
Data Scientist,NLP Engineer
Data Scientist,AI Engineer
NLP Engineer,Prompt Engineer
Prompt Engineer,Prompt Engineer
.NET Developer,.NET Developer
AI Product Manager,NLP Engineer
AI Researcher,Data Scientist
AI Researcher,Prompt Engineer
.NET Developer,.NET Developer
Site Reliability Engineer,Site Reliability Engineer
Machine Learning Engineer,NLP Engineer
MLOps Engineer,AI Researcher
AI Product Manager,MLOps Engineer
Computer Vision Engineer,Prompt Engineer
Computer Vision Engineer,AI Product Manager
Computer Vision Engineer,Prompt Engineer
Data Scientist,AI Product Manager
Data Scientist,AI Engineer
AI Engineer,AI Product Manager
Data Analyst,Machine Learning Engineer
Machine Learning Engineer,NLP Engineer
Computer Vision Engineer,Data Scientist
Data Analyst,Data Scientist
Ethical Hacker,Ethical Hacker
Prompt Engineer,AI Researcher
Computer Vision Engineer,NLP Engineer
NLP Engineer,AI Researcher
Machine Learning Engineer,NLP Engineer
Data Scientist,AI Engineer
Machine Learning Engineer,AI Product Manager
MLOps Engineer,Prompt Engineer
AI Product Manager,MLOps Engineer
AI Engineer,NLP Engineer
AI Product Manager,Data Scientist
Java Developer,Java Developer
AI Product Manager,MLOps Engineer
Computer Vision Engineer,Machine Learning Engineer
Data Scientist,AI Engineer
Prompt Engineer,AI Product Manager
Machine Learning Engineer,AI Product Manager
Data Analyst,Machine Learning Engineer
NLP Engineer,Prompt Engineer
MLOps Engineer,Prompt Engineer
Prompt Engineer,MLOps Engineer
Computer Vision Engineer,AI Product Manager
AI Product Manager,AI Researcher
Data Scientist,AI Product Manager
NLP Engineer,AI Product Manager
Data Analyst,Computer Vision Engineer
Data Scientist,Prompt Engineer
Computer Vision Engineer,Data Analyst
Prompt Engineer,NLP Engineer
AI Researcher,Machine Learning Engineer
AI Product Manager,Data Scientist
Blockchain Developer,Blockchain Developer
Prompt Engineer,Machine Learning Engineer
Site Reliability Engineer,Site Reliability Engineer
AI Product Manager,NLP Engineer
AI Product Manager,NLP Engineer
Prompt Engineer,Data Analyst
Prompt Engineer,Machine Learning Engineer
AI Engineer,MLOps Engineer
Data Analyst,AI Researcher
Prompt Engineer,Prompt Engineer
Data Analyst,NLP Engineer
AI Engineer,MLOps Engineer
AI Engineer,Machine Learning Engineer
NLP Engineer,MLOps Engineer
Data Analyst,AI Engineer
.NET Developer,.NET Developer
Data Scientist,Machine Learning Engineer
Machine Learning Engineer,Data Analyst
Site Reliability Engineer,Site Reliability Engineer
AI Product Manager,AI Engineer
Prompt Engineer,MLOps Engineer
Machine Learning Engineer,Computer Vision Engineer
Machine Learning Engineer,Data Scientist
Machine Learning Engineer,AI Product Manager
AI Product Manager,Data Scientist
AI Engineer,Data Scientist
Prompt Engineer,Machine Learning Engineer
MLOps Engineer,Prompt Engineer
Data Analyst,AI Engineer
AI Researcher,AI Engineer
Machine Learning Engineer,AI Researcher
Machine Learning Engineer,Prompt Engineer
MLOps Engineer,AI Product Manager
Java Developer,Java Developer
AI Researcher,NLP Engineer
Data Analyst,NLP Engineer
AI Product Manager,AI Engineer
AI Engineer,Machine Learning Engineer
Machine Learning Engineer,Computer Vision Engineer
Computer Vision Engineer,MLOps Engineer
AI Product Manager,AI Engineer
Computer Vision Engineer,Data Scientist
AI Engineer,AI Product Manager
AI Engineer,NLP Engineer
MLOps Engineer,AI Product Manager
Site Reliability Engineer,Site Reliability Engineer
NLP Engineer,Data Analyst
Prompt Engineer,MLOps Engineer
Ethical Hacker,Ethical Hacker
AI Researcher,Machine Learning Engineer
Data Engineer,Data Engineer
NLP Engineer,Prompt Engineer
NLP Engineer,Data Scientist
AI Researcher,NLP Engineer
AI Researcher,Data Scientist
Prompt Engineer,Data Analyst
Prompt Engineer,MLOps Engineer
AI Product Manager,Machine Learning Engineer
MLOps Engineer,Data Scientist
AI Researcher,Computer Vision Engineer
AI Product Manager,Computer Vision Engineer
.NET Developer,.NET Developer
Data Scientist,NLP Engineer
NLP Engineer,AI Product Manager
MLOps Engineer,AI Engineer
AI Engineer,Data Scientist
AI Researcher,Data Analyst
Computer Vision Engineer,Data Analyst
AI Researcher,Data Scientist
NLP Engineer,AI Researcher
MLOps Engineer,AI Product Manager
NLP Engineer,MLOps Engineer
Data Analyst,NLP Engineer
AI Researcher,Computer Vision Engineer
Data Engineer,Data Engineer
Machine Learning Engineer,AI Engineer
Data Engineer,Data Engineer
Machine Learning Engineer,AI Engineer
Data Analyst,AI Product Manager
AI Product Manager,MLOps Engineer
AI Researcher,Data Scientist
Computer Vision Engineer,AI Engineer
Data Analyst,Computer Vision Engineer
Java Developer,Java Developer
Computer Vision Engineer,Prompt Engineer
AI Product Manager,Prompt Engineer
MLOps Engineer,Machine Learning Engineer
Machine Learning Engineer,Computer Vision Engineer
Data Analyst,AI Product Manager
Game Developer,Game Developer
Ethical Hacker,Ethical Hacker
Site Reliability Engineer,Site Reliability Engineer
Computer Vision Engineer,MLOps Engineer
Data Analyst,Prompt Engineer
Machine Learning Engineer,AI Researcher
AI Researcher,NLP Engineer
Data Analyst,NLP Engineer
NLP Engineer,Data Analyst
AI Researcher,Computer Vision Engineer
Prompt Engineer,Computer Vision Engineer
Data Analyst,AI Product Manager
AI Researcher,Data Scientist
Web Developer,Web Developer
Machine Learning Engineer,Data Scientist
AI Product Manager,NLP Engineer
NLP Engineer,AI Researcher
AI Product Manager,Machine Learning Engineer
Data Scientist,AI Product Manager
AI Researcher,Data Analyst
Machine Learning Engineer,Computer Vision Engineer
Machine Learning Engineer,AI Engineer
AI Engineer,Computer Vision Engineer
.NET Developer,.NET Developer
Machine Learning Engineer,Data Analyst
AI Researcher,AI Product Manager
AI Product Manager,NLP Engineer
Data Scientist,Machine Learning Engineer
NLP Engineer,Prompt Engineer
AI Researcher,AI Product Manager
AI Engineer,AI Researcher
Blockchain Developer,Blockchain Developer
AI Engineer,MLOps Engineer
Computer Vision Engineer,Data Analyst
NLP Engineer,Data Analyst
AI Engineer,Prompt Engineer
Java Developer,Java Developer
NLP Engineer,Computer Vision Engineer
Site Reliability Engineer,Site Reliability Engineer
Data Scientist,Machine Learning Engineer
Machine Learning Engineer,NLP Engineer
NLP Engineer,Data Analyst
Computer Vision Engineer,Data Scientist
Web Developer,Web Developer
Data Analyst,AI Researcher
AI Product Manager,Computer Vision Engineer
NLP Engineer,Data Analyst
AI Researcher,NLP Engineer
AI Engineer,Data Scientist
NLP Engineer,Data Scientist
Game Developer,Game Developer
Web Developer,Web Developer
Machine Learning Engineer,NLP Engineer
NLP Engineer,AI Product Manager
NLP Engineer,AI Product Manager
Machine Learning Engineer,NLP Engineer
AI Engineer,Data Scientist
Data Scientist,AI Engineer
MLOps Engineer,AI Researcher
NLP Engineer,Data Scientist
Computer Vision Engineer,NLP Engineer
AI Engineer,Prompt Engineer
NLP Engineer,AI Researcher
AI Researcher,NLP Engineer
MLOps Engineer,Prompt Engineer
Computer Vision Engineer,AI Engineer
Prompt Engineer,Data Analyst
MLOps Engineer,Computer Vision Engineer
AI Researcher,Computer Vision Engineer
Data Analyst,Prompt Engineer
AI Product Manager,MLOps Engineer
Machine Learning Engineer,Data Scientist
Ethical Hacker,Ethical Hacker
Data Scientist,Computer Vision Engineer
AI Researcher,Machine Learning Engineer
Machine Learning Engineer,AI Product Manager
AI Product Manager,Prompt Engineer
Data Engineer,Data Engineer
Ethical Hacker,Ethical Hacker
Prompt Engineer,AI Researcher
AI Product Manager,Data Analyst
AI Engineer,Data Analyst
NLP Engineer,Computer Vision Engineer
Data Engineer,Data Engineer
Data Analyst,NLP Engineer
AI Researcher,AI Engineer
AI Researcher,MLOps Engineer
Machine Learning Engineer,AI Researcher
Data Analyst,Data Scientist
Computer Vision Engineer,NLP Engineer
Site Reliability Engineer,Site Reliability Engineer
Computer Vision Engineer,Data Analyst
Machine Learning Engineer,Data Scientist
NLP Engineer,Data Analyst
Web Developer,Web Developer
Data Scientist,MLOps Engineer
AI Engineer,Prompt Engineer
Computer Vision Engineer,AI Engineer
Machine Learning Engineer,Prompt Engineer
Data Scientist,AI Researcher
AI Researcher,Prompt Engineer
Computer Vision Engineer,Machine Learning Engineer
.NET Developer,.NET Developer
NLP Engineer,Data Scientist
Data Scientist,Prompt Engineer
Machine Learning Engineer,MLOps Engineer
Prompt Engineer,AI Product Manager
Data Scientist,Prompt Engineer
Data Analyst,Machine Learning Engineer
Prompt Engineer,AI Product Manager
AI Engineer,Prompt Engineer
Web Developer,Web Developer
Prompt Engineer,Data Scientist
AI Researcher,Machine Learning Engineer
NLP Engineer,Data Analyst
Ethical Hacker,Ethical Hacker
AI Engineer,Prompt Engineer
Machine Learning Engineer,Data Analyst
Prompt Engineer,Data Scientist
AI Engineer,AI Product Manager
Data Engineer,Data Engineer
AI Engineer,Data Analyst
Java Developer,Java Developer
Java Developer,Java Developer
AI Engineer,Data Analyst
Blockchain Developer,Blockchain Developer
AI Engineer,Prompt Engineer
AI Engineer,AI Researcher
AI Product Manager,Machine Learning Engineer
AI Engineer,AI Product Manager
AI Product Manager,Computer Vision Engineer
AI Engineer,Data Scientist
MLOps Engineer,AI Researcher
.NET Developer,.NET Developer
NLP Engineer,AI Engineer
Machine Learning Engineer,Prompt Engineer
Data Scientist,AI Product Manager
Machine Learning Engineer,Data Scientist
MLOps Engineer,AI Engineer
Data Analyst,AI Engineer
AI Product Manager,Data Analyst
Prompt Engineer,Data Scientist
Data Analyst,NLP Engineer
AI Product Manager,Computer Vision Engineer
Computer Vision Engineer,AI Engineer
AI Product Manager,AI Researcher
Data Scientist,Machine Learning Engineer
MLOps Engineer,Data Scientist
AI Engineer,Data Analyst
Machine Learning Engineer,AI Product Manager
MLOps Engineer,Machine Learning Engineer
Game Developer,Game Developer
Computer Vision Engineer,AI Product Manager
Blockchain Developer,Blockchain Developer
AI Researcher,Data Analyst
Data Scientist,Data Analyst
Site Reliability Engineer,Site Reliability Engineer
Prompt Engineer,MLOps Engineer
AI Engineer,MLOps Engineer
AI Researcher,Computer Vision Engineer
AI Product Manager,AI Engineer
AI Product Manager,MLOps Engineer
Blockchain Developer,Blockchain Developer
AI Product Manager,NLP Engineer
Data Scientist,NLP Engineer
Prompt Engineer,MLOps Engineer
Prompt Engineer,NLP Engineer
Ethical Hacker,Ethical Hacker
AI Researcher,AI Product Manager
NLP Engineer,AI Researcher
Prompt Engineer,Machine Learning Engineer
AI Engineer,Data Analyst
AI Engineer,Data Scientist
Prompt Engineer,Computer Vision Engineer
Site Reliability Engineer,Site Reliability Engineer
Site Reliability Engineer,Site Reliability Engineer
Data Scientist,Prompt Engineer
AI Engineer,NLP Engineer
Game Developer,Game Developer
Game Developer,Game Developer
.NET Developer,.NET Developer
Computer Vision Engineer,NLP Engineer
Web Developer,Web Developer
Data Scientist,Computer Vision Engineer
Data Analyst,NLP Engineer
.NET Developer,.NET Developer
.NET Developer,.NET Developer
Computer Vision Engineer,Data Analyst
Prompt Engineer,Computer Vision Engineer
NLP Engineer,Prompt Engineer
Computer Vision Engineer,Data Analyst
AI Engineer,AI Product Manager
Data Analyst,Machine Learning Engineer
MLOps Engineer,AI Product Manager
Machine Learning Engineer,AI Engineer
.NET Developer,.NET Developer
MLOps Engineer,NLP Engineer
NLP Engineer,MLOps Engineer
Prompt Engineer,MLOps Engineer
Blockchain Developer,Blockchain Developer
Data Analyst,AI Researcher
MLOps Engineer,AI Engineer
Computer Vision Engineer,Data Scientist
Data Analyst,AI Researcher
AI Engineer,Data Scientist
AI Researcher,Machine Learning Engineer
Blockchain Developer,Blockchain Developer
Data Analyst,AI Product Manager
MLOps Engineer,AI Product Manager
Prompt Engineer,NLP Engineer
AI Product Manager,Prompt Engineer
Ethical Hacker,Ethical Hacker
AI Engineer,Computer Vision Engineer
AI Product Manager,Prompt Engineer
Data Scientist,AI Researcher
MLOps Engineer,Data Scientist
.NET Developer,.NET Developer
Ethical Hacker,Ethical Hacker
Data Scientist,MLOps Engineer
Data Analyst,Prompt Engineer
Data Analyst,AI Researcher
Data Analyst,MLOps Engineer
Ethical Hacker,Ethical Hacker
Machine Learning Engineer,AI Engineer
Data Engineer,Data Engineer
AI Engineer,Computer Vision Engineer
NLP Engineer,AI Researcher
.NET Developer,.NET Developer
Site Reliability Engineer,Site Reliability Engineer
.NET Developer,.NET Developer
AI Engineer,MLOps Engineer
Data Scientist,Data Analyst
NLP Engineer,Machine Learning Engineer
AI Engineer,Prompt Engineer
Ethical Hacker,Ethical Hacker
Machine Learning Engineer,Data Scientist
Computer Vision Engineer,AI Engineer
AI Product Manager,Machine Learning Engineer
Machine Learning Engineer,AI Engineer
AI Product Manager,MLOps Engineer
Data Scientist,Computer Vision Engineer
AI Engineer,Data Analyst
Data Analyst,NLP Engineer
MLOps Engineer,Computer Vision Engineer
Data Scientist,Prompt Engineer
Data Analyst,AI Researcher
Data Scientist,MLOps Engineer
Data Analyst,NLP Engineer
MLOps Engineer,Data Analyst
AI Engineer,MLOps Engineer
Java Developer,Java Developer
Machine Learning Engineer,NLP Engineer
Data Analyst,AI Researcher
Machine Learning Engineer,AI Researcher
Data Scientist,AI Engineer
Data Analyst,NLP Engineer
Computer Vision Engineer,AI Engineer
AI Product Manager,Machine Learning Engineer
Data Scientist,Computer Vision Engineer
Data Scientist,Prompt Engineer
AI Researcher,MLOps Engineer
AI Engineer,MLOps Engineer
Web Developer,Web Developer
Data Analyst,AI Product Manager
AI Product Manager,NLP Engineer
MLOps Engineer,AI Researcher
Prompt Engineer,MLOps Engineer
AI Product Manager,Data Scientist
Ethical Hacker,Ethical Hacker
MLOps Engineer,Machine Learning Engineer
MLOps Engineer,Data Analyst
Computer Vision Engineer,AI Researcher
Data Scientist,MLOps Engineer
MLOps Engineer,AI Engineer
Data Engineer,Data Engineer
Computer Vision Engineer,Data Analyst
NLP Engineer,Prompt Engineer
Data Analyst,AI Researcher
Machine Learning Engineer,AI Engineer
NLP Engineer,Machine Learning Engineer
.NET Developer,.NET Developer
Game Developer,Game Developer
Data Analyst,Computer Vision Engineer
Blockchain Developer,Blockchain Developer
Ethical Hacker,Ethical Hacker
AI Engineer,Prompt Engineer
AI Researcher,AI Product Manager
AI Engineer,Machine Learning Engineer
Data Analyst,Prompt Engineer
Data Analyst,Data Scientist
AI Researcher,Data Scientist
Data Analyst,AI Product Manager
MLOps Engineer,AI Product Manager
Machine Learning Engineer,MLOps Engineer
AI Engineer,Prompt Engineer
NLP Engineer,AI Engineer
NLP Engineer,AI Engineer
Computer Vision Engineer,MLOps Engineer
Machine Learning Engineer,AI Engineer
Prompt Engineer,Machine Learning Engineer
AI Researcher,NLP Engineer
AI Engineer,Prompt Engineer
Computer Vision Engineer,Machine Learning Engineer
AI Researcher,Prompt Engineer
AI Engineer,NLP Engineer
AI Engineer,Machine Learning Engineer
AI Researcher,MLOps Engineer
NLP Engineer,AI Researcher
Data Scientist,NLP Engineer
Data Scientist,Prompt Engineer
Data Analyst,Prompt Engineer
Web Developer,Web Developer
AI Researcher,Data Analyst
AI Researcher,Data Analyst
Data Scientist,AI Engineer
MLOps Engineer,Computer Vision Engineer
AI Product Manager,MLOps Engineer
Prompt Engineer,MLOps Engineer
Prompt Engineer,MLOps Engineer
Machine Learning Engineer,Data Scientist
Web Developer,Web Developer
Prompt Engineer,AI Researcher
MLOps Engineer,Computer Vision Engineer
Data Scientist,AI Engineer
Web Developer,Web Developer
NLP Engineer,MLOps Engineer
Computer Vision Engineer,Prompt Engineer
Machine Learning Engineer,Data Scientist
Computer Vision Engineer,Machine Learning Engineer
AI Engineer,AI Product Manager
NLP Engineer,AI Researcher
Machine Learning Engineer,MLOps Engineer
Computer Vision Engineer,MLOps Engineer
Game Developer,Game Developer
MLOps Engineer,Prompt Engineer
.NET Developer,.NET Developer
AI Researcher,Computer Vision Engineer
AI Researcher,Computer Vision Engineer
Machine Learning Engineer,MLOps Engineer
MLOps Engineer,Data Scientist
Machine Learning Engineer,AI Product Manager
Prompt Engineer,MLOps Engineer
MLOps Engineer,AI Researcher
Data Analyst,Computer Vision Engineer
AI Researcher,Data Analyst
AI Researcher,Prompt Engineer
Prompt Engineer,Machine Learning Engineer
NLP Engineer,Machine Learning Engineer
Machine Learning Engineer,Computer Vision Engineer
Machine Learning Engineer,AI Researcher
NLP Engineer,AI Researcher
Data Scientist,AI Engineer
Data Scientist,Machine Learning Engineer
AI Product Manager,Machine Learning Engineer
Data Scientist,Machine Learning Engineer
AI Engineer,Computer Vision Engineer
MLOps Engineer,AI Researcher
AI Product Manager,Machine Learning Engineer
Prompt Engineer,Machine Learning Engineer
MLOps Engineer,Computer Vision Engineer
AI Product Manager,Computer Vision Engineer
AI Engineer,Data Analyst
Machine Learning Engineer,Computer Vision Engineer
Machine Learning Engineer,AI Engineer
AI Product Manager,Data Scientist
MLOps Engineer,Computer Vision Engineer
AI Researcher,AI Product Manager
Data Scientist,Computer Vision Engineer
AI Product Manager,NLP Engineer
Computer Vision Engineer,Data Analyst
Data Analyst,Computer Vision Engineer
Machine Learning Engineer,Computer Vision Engineer
Computer Vision Engineer,Data Analyst
Prompt Engineer,AI Engineer
MLOps Engineer,Data Scientist
MLOps Engineer,Prompt Engineer
Data Analyst,Prompt Engineer
.NET Developer,.NET Developer
AI Researcher,Computer Vision Engineer
AI Product Manager,MLOps Engineer
Data Scientist,Computer Vision Engineer
AI Researcher,Data Scientist
Web Developer,Web Developer
AI Researcher,MLOps Engineer
Computer Vision Engineer,AI Product Manager
AI Product Manager,NLP Engineer
MLOps Engineer,Computer Vision Engineer
AI Product Manager,AI Engineer
Computer Vision Engineer,NLP Engineer
Machine Learning Engineer,Computer Vision Engineer
NLP Engineer,Data Scientist
Data Scientist,Prompt Engineer
NLP Engineer,Prompt Engineer
Data Analyst,Machine Learning Engineer
Ethical Hacker,Ethical Hacker
NLP Engineer,Data Scientist
AI Engineer,Data Scientist
Game Developer,Game Developer
.NET Developer,.NET Developer
NLP Engineer,Computer Vision Engineer
Web Developer,Web Developer
Java Developer,Java Developer
MLOps Engineer,NLP Engineer
AI Engineer,MLOps Engineer
AI Product Manager,AI Researcher
Computer Vision Engineer,AI Product Manager
AI Engineer,Data Analyst
Computer Vision Engineer,AI Researcher
Computer Vision Engineer,Data Analyst
Data Analyst,AI Researcher
NLP Engineer,AI Product Manager
AI Researcher,Data Analyst
Data Scientist,Prompt Engineer
Data Analyst,Prompt Engineer
MLOps Engineer,Data Scientist
AI Product Manager,NLP Engineer
AI Researcher,NLP Engineer
MLOps Engineer,Data Analyst
NLP Engineer,AI Product Manager
MLOps Engineer,Data Scientist
AI Engineer,NLP Engineer
AI Product Manager,MLOps Engineer
Machine Learning Engineer,AI Product Manager
AI Product Manager,AI Researcher
Computer Vision Engineer,MLOps Engineer
Blockchain Developer,Blockchain Developer
AI Product Manager,Data Analyst
Machine Learning Engineer,AI Engineer
Game Developer,Game Developer
AI Engineer,MLOps Engineer
Prompt Engineer,AI Product Manager
AI Engineer,AI Researcher
AI Researcher,Data Analyst
Data Engineer,Data Engineer
MLOps Engineer,AI Engineer
MLOps Engineer,AI Product Manager
MLOps Engineer,Computer Vision Engineer
Data Analyst,Machine Learning Engineer
Site Reliability Engineer,Site Reliability Engineer
AI Product Manager,AI Researcher
Data Analyst,AI Researcher
AI Product Manager,Data Scientist
Computer Vision Engineer,AI Product Manager
AI Engineer,MLOps Engineer
AI Engineer,AI Product Manager
Java Developer,Java Developer
Data Scientist,Data Analyst
Ethical Hacker,Ethical Hacker
AI Engineer,AI Researcher
AI Engineer,Prompt Engineer
Prompt Engineer,Computer Vision Engineer
AI Researcher,AI Engineer
Data Analyst,AI Engineer
Machine Learning Engineer,MLOps Engineer
Data Analyst,AI Researcher
Computer Vision Engineer,Data Analyst
Data Scientist,AI Researcher
AI Engineer,MLOps Engineer
Data Scientist,Computer Vision Engineer
Machine Learning Engineer,Prompt Engineer
Data Analyst,MLOps Engineer
Prompt Engineer,AI Engineer
Prompt Engineer,AI Engineer
Data Analyst,MLOps Engineer
Prompt Engineer,Machine Learning Engineer
AI Researcher,Prompt Engineer
AI Engineer,AI Researcher
Java Developer,Java Developer
MLOps Engineer,Computer Vision Engineer
Java Developer,Java Developer
NLP Engineer,AI Product Manager
Prompt Engineer,Machine Learning Engineer
AI Product Manager,Data Scientist
Data Engineer,Data Engineer
Prompt Engineer,Data Scientist
AI Product Manager,Prompt Engineer
Computer Vision Engineer,Prompt Engineer
AI Researcher,AI Product Manager
AI Product Manager,AI Researcher
Data Engineer,Data Engineer
Data Scientist,Computer Vision Engineer
AI Product Manager,Data Scientist
NLP Engineer,Data Analyst
AI Engineer,Data Scientist
Prompt Engineer,Machine Learning Engineer
Data Analyst,AI Product Manager
Data Scientist,Computer Vision Engineer
Computer Vision Engineer,Data Analyst
Computer Vision Engineer,MLOps Engineer
AI Researcher,Machine Learning Engineer
NLP Engineer,Data Scientist
NLP Engineer,AI Engineer
Data Scientist,MLOps Engineer
AI Researcher,MLOps Engineer
Data Scientist,AI Product Manager
Data Scientist,AI Researcher
MLOps Engineer,Machine Learning Engineer
Data Engineer,Data Engineer
Java Developer,Java Developer
AI Researcher,MLOps Engineer
Site Reliability Engineer,Site Reliability Engineer
AI Product Manager,MLOps Engineer
MLOps Engineer,AI Engineer
NLP Engineer,AI Product Manager
Computer Vision Engineer,MLOps Engineer
Machine Learning Engineer,AI Product Manager
Data Scientist,NLP Engineer
NLP Engineer,AI Product Manager
AI Product Manager,AI Researcher
AI Product Manager,MLOps Engineer
Data Analyst,NLP Engineer
Prompt Engineer,AI Product Manager
MLOps Engineer,Data Scientist
Prompt Engineer,Data Scientist
AI Researcher,Machine Learning Engineer
MLOps Engineer,Machine Learning Engineer
AI Researcher,Data Scientist
Machine Learning Engineer,Data Analyst
Blockchain Developer,Blockchain Developer
NLP Engineer,Machine Learning Engineer
Web Developer,Web Developer
Ethical Hacker,Ethical Hacker
Data Analyst,AI Researcher
AI Product Manager,MLOps Engineer
MLOps Engineer,Prompt Engineer
AI Product Manager,Prompt Engineer
Data Analyst,Prompt Engineer
AI Engineer,Data Scientist
.NET Developer,.NET Developer
NLP Engineer,AI Engineer
Blockchain Developer,Blockchain Developer
AI Researcher,AI Product Manager
Prompt Engineer,Data Analyst
MLOps Engineer,AI Engineer
.NET Developer,.NET Developer
AI Product Manager,Computer Vision Engineer
AI Product Manager,AI Engineer
Data Engineer,Data Engineer
MLOps Engineer,Data Analyst
Machine Learning Engineer,AI Researcher
Data Analyst,MLOps Engineer
Computer Vision Engineer,AI Product Manager
NLP Engineer,Data Scientist
Data Analyst,Prompt Engineer
Prompt Engineer,NLP Engineer
Machine Learning Engineer,AI Product Manager
Prompt Engineer,AI Product Manager
Computer Vision Engineer,AI Engineer
Computer Vision Engineer,Data Analyst
AI Researcher,Prompt Engineer
NLP Engineer,Data Scientist
Data Scientist,NLP Engineer
Data Engineer,Data Engineer
Prompt Engineer,Prompt Engineer
NLP Engineer,AI Researcher
Game Developer,Game Developer
Prompt Engineer,NLP Engineer
MLOps Engineer,NLP Engineer
Machine Learning Engineer,Data Analyst
Site Reliability Engineer,Site Reliability Engineer
Machine Learning Engineer,Data Analyst
NLP Engineer,MLOps Engineer
MLOps Engineer,Data Scientist
AI Product Manager,MLOps Engineer
Data Analyst,MLOps Engineer
Computer Vision Engineer,NLP Engineer
.NET Developer,.NET Developer
Prompt Engineer,Computer Vision Engineer
MLOps Engineer,Prompt Engineer
Machine Learning Engineer,Computer Vision Engineer
Computer Vision Engineer,Data Analyst
Ethical Hacker,Ethical Hacker
MLOps Engineer,AI Researcher
Machine Learning Engineer,Prompt Engineer
AI Engineer,Prompt Engineer
Game Developer,Game Developer
Data Scientist,AI Engineer
Prompt Engineer,AI Researcher
Data Scientist,AI Researcher
AI Product Manager,AI Engineer
AI Product Manager,Data Analyst
Data Analyst,Computer Vision Engineer
Site Reliability Engineer,Site Reliability Engineer
Site Reliability Engineer,Site Reliability Engineer
Computer Vision Engineer,Data Scientist
.NET Developer,.NET Developer
Data Analyst,AI Engineer
NLP Engineer,Data Analyst
AI Product Manager,Computer Vision Engineer
AI Engineer,Prompt Engineer
AI Product Manager,MLOps Engineer
Machine Learning Engineer,AI Researcher
Data Scientist,Machine Learning Engineer
AI Researcher,AI Product Manager
Data Analyst,MLOps Engineer
Machine Learning Engineer,Data Analyst
MLOps Engineer,AI Researcher
Game Developer,Game Developer
AI Engineer,Data Analyst
MLOps Engineer,AI Researcher
Java Developer,Java Developer
Data Analyst,Prompt Engineer
Ethical Hacker,Ethical Hacker
AI Product Manager,Data Scientist
Data Analyst,AI Engineer
Machine Learning Engineer,Computer Vision Engineer
Machine Learning Engineer,Prompt Engineer
MLOps Engineer,AI Product Manager
AI Researcher,Data Analyst
Prompt Engineer,Computer Vision Engineer
AI Product Manager,NLP Engineer
AI Researcher,AI Engineer
Data Scientist,AI Product Manager
MLOps Engineer,Computer Vision Engineer
MLOps Engineer,Computer Vision Engineer
Computer Vision Engineer,Machine Learning Engineer
NLP Engineer,Data Scientist
Ethical Hacker,Ethical Hacker
MLOps Engineer,Data Scientist
AI Engineer,Machine Learning Engineer
AI Product Manager,Data Scientist
AI Researcher,Data Scientist
Game Developer,Game Developer
Computer Vision Engineer,Machine Learning Engineer
NLP Engineer,Machine Learning Engineer
Data Scientist,NLP Engineer
Prompt Engineer,AI Product Manager
AI Product Manager,Data Scientist
AI Researcher,NLP Engineer
MLOps Engineer,Data Analyst
MLOps Engineer,Data Scientist
AI Product Manager,Prompt Engineer
Data Scientist,Prompt Engineer
Data Scientist,Machine Learning Engineer
AI Researcher,NLP Engineer
MLOps Engineer,Data Scientist
Prompt Engineer,Data Analyst
AI Researcher,NLP Engineer
Computer Vision Engineer,AI Engineer
Data Scientist,MLOps Engineer
Data Scientist,NLP Engineer
Blockchain Developer,Blockchain Developer
Prompt Engineer,NLP Engineer
Data Analyst,AI Engineer
Machine Learning Engineer,MLOps Engineer
Data Engineer,Data Engineer
Computer Vision Engineer,Data Analyst
Data Analyst,AI Product Manager
Machine Learning Engineer,Computer Vision Engineer
Web Developer,Web Developer
Game Developer,Game Developer
AI Researcher,NLP Engineer
AI Researcher,AI Product Manager
NLP Engineer,AI Engineer
Data Analyst,AI Product Manager
Data Scientist,MLOps Engineer
Data Analyst,Data Scientist
AI Researcher,Machine Learning Engineer
Game Developer,Game Developer
MLOps Engineer,AI Product Manager
Data Analyst,Prompt Engineer
Computer Vision Engineer,NLP Engineer
AI Researcher,MLOps Engineer
Ethical Hacker,Ethical Hacker
Prompt Engineer,Computer Vision Engineer
Blockchain Developer,Blockchain Developer
Machine Learning Engineer,AI Engineer
Computer Vision Engineer,AI Product Manager
AI Product Manager,Computer Vision Engineer
AI Product Manager,MLOps Engineer
AI Engineer,MLOps Engineer
MLOps Engineer,Data Scientist
Java Developer,Java Developer
AI Researcher,Computer Vision Engineer
AI Product Manager,Data Analyst
Machine Learning Engineer,NLP Engineer
Prompt Engineer,MLOps Engineer
Data Scientist,AI Researcher
Data Scientist,AI Engineer
Java Developer,Java Developer
AI Engineer,Computer Vision Engineer
Blockchain Developer,Blockchain Developer
MLOps Engineer,Data Scientist
Data Analyst,AI Engineer
Web Developer,Web Developer
Computer Vision Engineer,NLP Engineer
AI Engineer,Prompt Engineer
.NET Developer,.NET Developer
AI Engineer,MLOps Engineer
AI Product Manager,AI Researcher
Computer Vision Engineer,Machine Learning Engineer
Prompt Engineer,MLOps Engineer
MLOps Engineer,Prompt Engineer
AI Engineer,Machine Learning Engineer
MLOps Engineer,Data Scientist
Computer Vision Engineer,AI Researcher
Machine Learning Engineer,MLOps Engineer
AI Product Manager,Computer Vision Engineer
NLP Engineer,AI Engineer
Machine Learning Engineer,MLOps Engineer
Computer Vision Engineer,NLP Engineer
Computer Vision Engineer,Data Analyst
Data Scientist,MLOps Engineer
AI Engineer,Data Scientist
Data Analyst,AI Researcher
AI Product Manager,Machine Learning Engineer
Java Developer,Java Developer
Machine Learning Engineer,AI Product Manager
AI Product Manager,Data Analyst
MLOps Engineer,Data Analyst
Prompt Engineer,AI Engineer
Machine Learning Engineer,AI Product Manager
AI Researcher,Computer Vision Engineer
Ethical Hacker,Ethical Hacker
Site Reliability Engineer,Site Reliability Engineer
AI Product Manager,Computer Vision Engineer
AI Engineer,Prompt Engineer
Machine Learning Engineer,NLP Engineer
Web Developer,Web Developer
Prompt Engineer,Data Analyst
NLP Engineer,MLOps Engineer
AI Product Manager,AI Researcher
Data Analyst,AI Product Manager
Computer Vision Engineer,AI Engineer
Java Developer,Java Developer
Machine Learning Engineer,Prompt Engineer
Data Engineer,Data Engineer
Data Scientist,AI Engineer
Blockchain Developer,Blockchain Developer
Data Scientist,Computer Vision Engineer
AI Researcher,Prompt Engineer
Computer Vision Engineer,AI Engineer
Machine Learning Engineer,NLP Engineer
Java Developer,Java Developer
AI Researcher,MLOps Engineer
Ethical Hacker,Ethical Hacker
.NET Developer,.NET Developer
AI Researcher,AI Product Manager
MLOps Engineer,Data Scientist
Site Reliability Engineer,Site Reliability Engineer
Data Scientist,Prompt Engineer
Machine Learning Engineer,MLOps Engineer
Prompt Engineer,Machine Learning Engineer
MLOps Engineer,AI Engineer
Machine Learning Engineer,Prompt Engineer
AI Researcher,Data Analyst
Machine Learning Engineer,AI Engineer
Prompt Engineer,AI Researcher
Ethical Hacker,Ethical Hacker
AI Engineer,AI Product Manager
Data Analyst,MLOps Engineer
Game Developer,Game Developer
Data Scientist,AI Product Manager
Data Analyst,AI Researcher
Data Analyst,MLOps Engineer
Prompt Engineer,AI Product Manager
NLP Engineer,Data Analyst
AI Researcher,AI Product Manager
MLOps Engineer,NLP Engineer
AI Product Manager,Prompt Engineer
AI Product Manager,AI Researcher
Data Analyst,Computer Vision Engineer
Blockchain Developer,Blockchain Developer
Ethical Hacker,Ethical Hacker
NLP Engineer,Data Analyst
NLP Engineer,Data Analyst
Machine Learning Engineer,Data Scientist
Site Reliability Engineer,Site Reliability Engineer
Ethical Hacker,Ethical Hacker
AI Product Manager,Data Analyst
AI Product Manager,NLP Engineer
Computer Vision Engineer,Data Scientist
Site Reliability Engineer,Site Reliability Engineer
Prompt Engineer,NLP Engineer
AI Product Manager,Machine Learning Engineer
Machine Learning Engineer,MLOps Engineer
Data Engineer,Data Engineer
Data Analyst,AI Researcher
AI Engineer,MLOps Engineer
Machine Learning Engineer,Data Analyst
AI Engineer,Data Scientist
Prompt Engineer,Machine Learning Engineer
.NET Developer,.NET Developer
Data Analyst,NLP Engineer
Prompt Engineer,MLOps Engineer
Data Analyst,AI Engineer
Machine Learning Engineer,Computer Vision Engineer
Computer Vision Engineer,NLP Engineer
Data Analyst,MLOps Engineer
Computer Vision Engineer,Data Scientist
NLP Engineer,AI Engineer
MLOps Engineer,AI Engineer
Game Developer,Game Developer
Data Analyst,Data Scientist
Computer Vision Engineer,Data Analyst
Prompt Engineer,NLP Engineer
Machine Learning Engineer,Prompt Engineer
Prompt Engineer,AI Researcher
Machine Learning Engineer,NLP Engineer
NLP Engineer,MLOps Engineer
Machine Learning Engineer,MLOps Engineer
AI Product Manager,Computer Vision Engineer
NLP Engineer,MLOps Engineer
MLOps Engineer,AI Product Manager
Ethical Hacker,Ethical Hacker
Data Scientist,NLP Engineer
Data Engineer,Data Engineer
Web Developer,Web Developer
Prompt Engineer,AI Engineer
AI Engineer,AI Researcher
NLP Engineer,Machine Learning Engineer
AI Researcher,NLP Engineer
Data Scientist,AI Product Manager
Computer Vision Engineer,AI Researcher
Machine Learning Engineer,Computer Vision Engineer
MLOps Engineer,Data Scientist
Data Scientist,AI Researcher
NLP Engineer,AI Engineer
Data Analyst,Prompt Engineer
Data Analyst,Prompt Engineer
Machine Learning Engineer,Prompt Engineer
AI Engineer,NLP Engineer
Data Analyst,AI Engineer
Data Analyst,AI Engineer
Prompt Engineer,Machine Learning Engineer
Machine Learning Engineer,Data Scientist
AI Researcher,Machine Learning Engineer
NLP Engineer,AI Researcher
MLOps Engineer,AI Engineer
NLP Engineer,Computer Vision Engineer
Data Engineer,Data Engineer
NLP Engineer,AI Researcher
Data Scientist,MLOps Engineer
Data Analyst,NLP Engineer
AI Product Manager,MLOps Engineer
Computer Vision Engineer,MLOps Engineer
AI Product Manager,Computer Vision Engineer
Computer Vision Engineer,Data Analyst
MLOps Engineer,Computer Vision Engineer
NLP Engineer,Machine Learning Engineer
Computer Vision Engineer,NLP Engineer
Data Scientist,Computer Vision Engineer
Prompt Engineer,Machine Learning Engineer
Prompt Engineer,AI Product Manager
Data Analyst,Prompt Engineer
MLOps Engineer,Machine Learning Engineer
AI Product Manager,Machine Learning Engineer
NLP Engineer,AI Product Manager
AI Researcher,Computer Vision Engineer
Java Developer,Java Developer
Data Scientist,AI Engineer
Data Scientist,AI Researcher
AI Product Manager,Computer Vision Engineer
NLP Engineer,Data Scientist
AI Product Manager,MLOps Engineer
AI Product Manager,Computer Vision Engineer
AI Engineer,NLP Engineer
Machine Learning Engineer,NLP Engineer
Machine Learning Engineer,Data Scientist
AI Researcher,AI Engineer
AI Researcher,Computer Vision Engineer
Prompt Engineer,NLP Engineer
NLP Engineer,AI Researcher
Ethical Hacker,Ethical Hacker
Data Analyst,Prompt Engineer
Data Engineer,Data Engineer
AI Engineer,MLOps Engineer
NLP Engineer,Computer Vision Engineer
Data Analyst,AI Engineer
Prompt Engineer,AI Product Manager
AI Engineer,Data Scientist
AI Researcher,Machine Learning Engineer
AI Engineer,AI Product Manager
AI Researcher,Machine Learning Engineer
NLP Engineer,Prompt Engineer
MLOps Engineer,NLP Engineer
Machine Learning Engineer,MLOps Engineer
Ethical Hacker,Ethical Hacker
Data Analyst,Computer Vision Engineer
Computer Vision Engineer,AI Engineer
Data Scientist,Prompt Engineer
Blockchain Developer,Blockchain Developer
AI Researcher,Data Analyst
Computer Vision Engineer,MLOps Engineer
Machine Learning Engineer,Data Scientist
Site Reliability Engineer,Site Reliability Engineer
AI Researcher,Machine Learning Engineer
Ethical Hacker,Ethical Hacker
MLOps Engineer,MLOps Engineer
Data Scientist,NLP Engineer
Computer Vision Engineer,AI Product Manager
Data Analyst,AI Researcher
Blockchain Developer,Blockchain Developer
Data Analyst,MLOps Engineer
Game Developer,Game Developer
MLOps Engineer,Data Analyst
Data Engineer,Data Engineer
AI Product Manager,Prompt Engineer
Web Developer,Web Developer
Data Engineer,Data Engineer
Machine Learning Engineer,Data Analyst
Computer Vision Engineer,Machine Learning Engineer
Ethical Hacker,Ethical Hacker
Data Scientist,Data Scientist
NLP Engineer,MLOps Engineer
AI Engineer,Data Analyst
AI Product Manager,Machine Learning Engineer
Site Reliability Engineer,Site Reliability Engineer
Machine Learning Engineer,Computer Vision Engineer
Data Scientist,AI Engineer
MLOps Engineer,AI Researcher
Prompt Engineer,Machine Learning Engineer
Prompt Engineer,Computer Vision Engineer
Web Developer,Web Developer
NLP Engineer,AI Engineer
NLP Engineer,Data Analyst
Computer Vision Engineer,Prompt Engineer
Site Reliability Engineer,Site Reliability Engineer
Computer Vision Engineer,MLOps Engineer
Data Scientist,AI Researcher
AI Researcher,Computer Vision Engineer
Machine Learning Engineer,AI Product Manager
MLOps Engineer,Data Scientist
Computer Vision Engineer,MLOps Engineer
AI Researcher,Machine Learning Engineer
Data Scientist,Machine Learning Engineer
MLOps Engineer,AI Engineer
NLP Engineer,AI Engineer
AI Product Manager,MLOps Engineer
AI Product Manager,MLOps Engineer
Computer Vision Engineer,Prompt Engineer
Data Analyst,Prompt Engineer
Computer Vision Engineer,Machine Learning Engineer
Computer Vision Engineer,AI Researcher
Data Engineer,Data Engineer
AI Product Manager,Prompt Engineer
AI Researcher,AI Engineer
MLOps Engineer,AI Product Manager
Data Scientist,Machine Learning Engineer
Data Scientist,Data Analyst
Data Scientist,AI Product Manager
AI Product Manager,Data Analyst
NLP Engineer,AI Researcher
MLOps Engineer,AI Product Manager
MLOps Engineer,Data Scientist
Machine Learning Engineer,Computer Vision Engineer
NLP Engineer,Prompt Engineer
Blockchain Developer,Blockchain Developer
Data Scientist,AI Product Manager
MLOps Engineer,AI Engineer
Data Scientist,Prompt Engineer
MLOps Engineer,Data Scientist
Machine Learning Engineer,NLP Engineer
AI Product Manager,Data Scientist
Data Scientist,AI Product Manager
Data Scientist,Prompt Engineer
AI Engineer,Computer Vision Engineer
Data Scientist,AI Researcher
NLP Engineer,AI Researcher
MLOps Engineer,AI Engineer
MLOps Engineer,Computer Vision Engineer
Computer Vision Engineer,Prompt Engineer
MLOps Engineer,Computer Vision Engineer
Prompt Engineer,Data Analyst
MLOps Engineer,AI Product Manager
Computer Vision Engineer,AI Product Manager
AI Engineer,NLP Engineer
Site Reliability Engineer,Site Reliability Engineer
AI Researcher,AI Product Manager
Data Analyst,Prompt Engineer
Computer Vision Engineer,AI Engineer
MLOps Engineer,Data Scientist
Data Analyst,Data Scientist
Data Engineer,Data Engineer
Data Engineer,Data Engineer
Data Scientist,Machine Learning Engineer
AI Product Manager,Computer Vision Engineer
Data Scientist,AI Researcher
AI Engineer,Data Analyst
Machine Learning Engineer,AI Engineer
AI Researcher,AI Product Manager
MLOps Engineer,Computer Vision Engineer
AI Researcher,Computer Vision Engineer
AI Engineer,Data Analyst
MLOps Engineer,NLP Engineer
AI Engineer,MLOps Engineer
Ethical Hacker,Ethical Hacker
Site Reliability Engineer,Site Reliability Engineer
Data Engineer,Data Engineer
MLOps Engineer,AI Product Manager
AI Product Manager,Computer Vision Engineer
Data Scientist,AI Researcher
Data Engineer,Data Engineer
Data Analyst,Machine Learning Engineer
Computer Vision Engineer,Machine Learning Engineer
Game Developer,Game Developer
AI Engineer,Data Scientist
Computer Vision Engineer,Machine Learning Engineer
AI Researcher,AI Product Manager
AI Product Manager,MLOps Engineer
NLP Engineer,MLOps Engineer
Data Analyst,Computer Vision Engineer
Data Analyst,MLOps Engineer
Data Scientist,Data Analyst
Prompt Engineer,Data Scientist
NLP Engineer,Machine Learning Engineer
Computer Vision Engineer,AI Researcher
Data Engineer,Data Engineer
Data Scientist,Prompt Engineer
Data Scientist,AI Researcher
MLOps Engineer,Prompt Engineer
NLP Engineer,AI Researcher
Data Scientist,Data Analyst
Computer Vision Engineer,Machine Learning Engineer
Computer Vision Engineer,Data Analyst
AI Researcher,Prompt Engineer
AI Researcher,Computer Vision Engineer
Prompt Engineer,NLP Engineer
Computer Vision Engineer,Machine Learning Engineer
Prompt Engineer,AI Product Manager
Site Reliability Engineer,Site Reliability Engineer
Data Analyst,Machine Learning Engineer
Data Analyst,MLOps Engineer
Ethical Hacker,Ethical Hacker
Computer Vision Engineer,AI Engineer
AI Engineer,AI Product Manager
Data Analyst,Prompt Engineer
Data Scientist,Computer Vision Engineer
MLOps Engineer,AI Researcher
Blockchain Developer,Blockchain Developer
Data Engineer,Data Engineer
Machine Learning Engineer,AI Researcher
AI Engineer,AI Researcher
Computer Vision Engineer,NLP Engineer
MLOps Engineer,Data Scientist
MLOps Engineer,Machine Learning Engineer
Data Scientist,Data Analyst
Data Scientist,NLP Engineer
NLP Engineer,MLOps Engineer
Data Analyst,Prompt Engineer
AI Researcher,MLOps Engineer
Site Reliability Engineer,Site Reliability Engineer
Web Developer,Web Developer
Site Reliability Engineer,Site Reliability Engineer
AI Product Manager,AI Researcher
NLP Engineer,Prompt Engineer
MLOps Engineer,Data Scientist
Machine Learning Engineer,Data Analyst
Prompt Engineer,Machine Learning Engineer
Data Scientist,NLP Engineer
Blockchain Developer,Blockchain Developer
AI Researcher,Data Scientist
Machine Learning Engineer,AI Researcher
AI Product Manager,Prompt Engineer
Ethical Hacker,Ethical Hacker
Data Analyst,AI Researcher
Web Developer,Web Developer
Java Developer,Java Developer
Prompt Engineer,AI Researcher
Data Scientist,AI Engineer
Data Scientist,Data Analyst
MLOps Engineer,Computer Vision Engineer
Computer Vision Engineer,NLP Engineer
NLP Engineer,Data Analyst
Java Developer,Java Developer
Computer Vision Engineer,Data Analyst
Ethical Hacker,Ethical Hacker
Computer Vision Engineer,MLOps Engineer
Blockchain Developer,Blockchain Developer
Data Analyst,AI Researcher
Data Scientist,MLOps Engineer
Data Scientist,AI Engineer
NLP Engineer,AI Product Manager
AI Engineer,Data Scientist
NLP Engineer,Computer Vision Engineer
AI Researcher,MLOps Engineer
Computer Vision Engineer,NLP Engineer
AI Product Manager,Computer Vision Engineer
Data Analyst,Prompt Engineer
Data Scientist,Data Analyst
Java Developer,Java Developer
Web Developer,Web Developer
NLP Engineer,Computer Vision Engineer
MLOps Engineer,Data Scientist
AI Engineer,Computer Vision Engineer
NLP Engineer,Data Analyst
AI Product Manager,Data Analyst
NLP Engineer,Data Scientist
AI Product Manager,Data Analyst
AI Researcher,Data Scientist
Prompt Engineer,NLP Engineer
Blockchain Developer,Blockchain Developer
Data Scientist,NLP Engineer
Machine Learning Engineer,NLP Engineer
Machine Learning Engineer,Prompt Engineer
AI Product Manager,Data Scientist
Computer Vision Engineer,NLP Engineer
Data Scientist,Data Analyst
AI Engineer,Data Analyst
Data Scientist,NLP Engineer
AI Product Manager,Data Scientist
Computer Vision Engineer,AI Researcher
MLOps Engineer,AI Product Manager
AI Engineer,Data Scientist
Data Analyst,AI Researcher
Blockchain Developer,Blockchain Developer
Machine Learning Engineer,Computer Vision Engineer
AI Engineer,AI Researcher
NLP Engineer,Computer Vision Engineer
AI Researcher,Data Scientist
MLOps Engineer,Computer Vision Engineer
AI Researcher,AI Engineer
AI Product Manager,Data Scientist
Data Analyst,AI Product Manager
AI Product Manager,AI Researcher
Prompt Engineer,AI Product Manager
AI Engineer,MLOps Engineer
Blockchain Developer,Blockchain Developer
AI Engineer,Machine Learning Engineer
Data Scientist,Machine Learning Engineer
Machine Learning Engineer,AI Engineer
Prompt Engineer,Prompt Engineer
NLP Engineer,AI Engineer
Data Analyst,Machine Learning Engineer
AI Researcher,Computer Vision Engineer
Prompt Engineer,NLP Engineer
Data Analyst,AI Product Manager
AI Researcher,NLP Engineer
Computer Vision Engineer,Machine Learning Engineer
Machine Learning Engineer,Data Scientist
Prompt Engineer,NLP Engineer
Blockchain Developer,Blockchain Developer
AI Researcher,Computer Vision Engineer
AI Product Manager,Machine Learning Engineer
Data Scientist,AI Researcher
Data Scientist,Data Analyst
AI Researcher,Computer Vision Engineer
MLOps Engineer,Data Scientist
Data Analyst,Computer Vision Engineer
MLOps Engineer,Computer Vision Engineer
Data Scientist,Prompt Engineer
Machine Learning Engineer,Prompt Engineer
Machine Learning Engineer,Data Analyst
AI Engineer,NLP Engineer
Machine Learning Engineer,AI Product Manager
Prompt Engineer,MLOps Engineer
NLP Engineer,AI Engineer
NLP Engineer,Data Scientist
Prompt Engineer,MLOps Engineer
Machine Learning Engineer,AI Engineer
Prompt Engineer,Data Analyst
Prompt Engineer,AI Product Manager
NLP Engineer,AI Researcher
Machine Learning Engineer,NLP Engineer
Game Developer,Game Developer
.NET Developer,.NET Developer
Data Analyst,NLP Engineer
Data Scientist,Prompt Engineer
Java Developer,Java Developer
Web Developer,Web Developer
Data Scientist,NLP Engineer
Machine Learning Engineer,Data Analyst
Prompt Engineer,MLOps Engineer
Prompt Engineer,AI Engineer
Computer Vision Engineer,AI Product Manager
Data Analyst,AI Engineer
AI Product Manager,NLP Engineer
Data Analyst,Machine Learning Engineer
AI Product Manager,AI Engineer
AI Researcher,NLP Engineer
Blockchain Developer,Blockchain Developer
AI Engineer,Prompt Engineer
Data Analyst,Data Scientist
Data Scientist,AI Engineer
Data Scientist,NLP Engineer
AI Engineer,Computer Vision Engineer
AI Engineer,NLP Engineer
NLP Engineer,AI Engineer
MLOps Engineer,AI Engineer
Machine Learning Engineer,AI Product Manager
Data Scientist,Computer Vision Engineer
AI Product Manager,NLP Engineer
MLOps Engineer,Computer Vision Engineer
NLP Engineer,Prompt Engineer
MLOps Engineer,Data Scientist
AI Researcher,Machine Learning Engineer
Data Scientist,NLP Engineer
AI Engineer,Prompt Engineer
AI Researcher,Data Scientist
.NET Developer,.NET Developer
Machine Learning Engineer,AI Product Manager
Prompt Engineer,Machine Learning Engineer
AI Engineer,Data Scientist
NLP Engineer,Data Analyst
Data Scientist,Prompt Engineer
Data Scientist,AI Engineer
Java Developer,Java Developer
AI Engineer,Data Analyst
Game Developer,Game Developer
Java Developer,Java Developer
Data Scientist,NLP Engineer
Computer Vision Engineer,Data Scientist
Computer Vision Engineer,Data Scientist
AI Engineer,NLP Engineer
.NET Developer,.NET Developer
Computer Vision Engineer,AI Researcher
NLP Engineer,Prompt Engineer
MLOps Engineer,Machine Learning Engineer
Computer Vision Engineer,AI Engineer
Data Analyst,Machine Learning Engineer
MLOps Engineer,Data Analyst
Data Analyst,Data Scientist
Data Analyst,Machine Learning Engineer
NLP Engineer,AI Product Manager
MLOps Engineer,AI Product Manager
Data Scientist,AI Product Manager
AI Researcher,Machine Learning Engineer
Computer Vision Engineer,AI Engineer
Prompt Engineer,Data Analyst
Data Analyst,AI Product Manager
Prompt Engineer,NLP Engineer
Computer Vision Engineer,AI Engineer
Machine Learning Engineer,AI Researcher
Prompt Engineer,AI Product Manager
AI Researcher,Data Analyst
AI Product Manager,AI Researcher
MLOps Engineer,AI Researcher
AI Researcher,NLP Engineer
Data Scientist,AI Product Manager
Computer Vision Engineer,Prompt Engineer
Prompt Engineer,Data Scientist
Java Developer,Java Developer
Prompt Engineer,NLP Engineer
Data Analyst,NLP Engineer
MLOps Engineer,Data Analyst
AI Engineer,Data Analyst
MLOps Engineer,AI Researcher
Prompt Engineer,Data Scientist
AI Researcher,Data Scientist
Computer Vision Engineer,Data Scientist
AI Product Manager,MLOps Engineer
Prompt Engineer,Machine Learning Engineer
Machine Learning Engineer,Computer Vision Engineer
AI Researcher,AI Engineer
Java Developer,Java Developer
Computer Vision Engineer,AI Product Manager
Prompt Engineer,MLOps Engineer
AI Researcher,MLOps Engineer
Machine Learning Engineer,Computer Vision Engineer
AI Product Manager,Data Analyst
AI Researcher,MLOps Engineer
AI Product Manager,AI Engineer
AI Engineer,Machine Learning Engineer
AI Engineer,Prompt Engineer
Prompt Engineer,AI Engineer
Data Analyst,AI Engineer
NLP Engineer,AI Engineer
Game Developer,Game Developer
Machine Learning Engineer,NLP Engineer
AI Engineer,AI Researcher
Data Analyst,Prompt Engineer
Prompt Engineer,Machine Learning Engineer
Site Reliability Engineer,Site Reliability Engineer
Site Reliability Engineer,Site Reliability Engineer
AI Researcher,Data Analyst
Java Developer,Java Developer
AI Researcher,NLP Engineer
Game Developer,Game Developer
Data Scientist,Computer Vision Engineer
NLP Engineer,Data Analyst
AI Product Manager,AI Researcher
AI Product Manager,Machine Learning Engineer
Data Analyst,AI Product Manager
.NET Developer,.NET Developer
Computer Vision Engineer,NLP Engineer
Data Scientist,AI Product Manager
AI Researcher,Data Scientist
Data Analyst,Computer Vision Engineer
Java Developer,Java Developer
Data Analyst,Computer Vision Engineer
Machine Learning Engineer,Data Scientist
Prompt Engineer,NLP Engineer
Prompt Engineer,Data Scientist
Data Analyst,NLP Engineer
AI Product Manager,AI Engineer
NLP Engineer,MLOps Engineer
.NET Developer,.NET Developer
MLOps Engineer,Computer Vision Engineer
NLP Engineer,Data Scientist
Site Reliability Engineer,Site Reliability Engineer
NLP Engineer,AI Engineer
.NET Developer,.NET Developer
AI Researcher,Prompt Engineer
Data Analyst,AI Engineer
Computer Vision Engineer,Machine Learning Engineer
Machine Learning Engineer,AI Product Manager
AI Researcher,Data Scientist
Ethical Hacker,Ethical Hacker
Game Developer,Game Developer
AI Product Manager,MLOps Engineer
NLP Engineer,Machine Learning Engineer
Data Scientist,Machine Learning Engineer
Machine Learning Engineer,AI Engineer
AI Product Manager,AI Engineer
Prompt Engineer,Computer Vision Engineer
.NET Developer,.NET Developer
Prompt Engineer,Data Scientist
Web Developer,Web Developer
Machine Learning Engineer,Prompt Engineer
Data Analyst,NLP Engineer
NLP Engineer,Computer Vision Engineer
Ethical Hacker,Ethical Hacker
Ethical Hacker,Ethical Hacker
Prompt Engineer,Prompt Engineer
Computer Vision Engineer,MLOps Engineer
Blockchain Developer,Blockchain Developer
Web Developer,Web Developer
Data Analyst,AI Engineer
AI Product Manager,Machine Learning Engineer
Data Scientist,MLOps Engineer
Data Scientist,MLOps Engineer
AI Product Manager,MLOps Engineer
Blockchain Developer,Blockchain Developer
AI Engineer,Computer Vision Engineer
AI Product Manager,Computer Vision Engineer
Data Analyst,Machine Learning Engineer
MLOps Engineer,Machine Learning Engineer
AI Engineer,NLP Engineer
AI Researcher,Machine Learning Engineer
Machine Learning Engineer,Prompt Engineer
Data Analyst,AI Engineer
MLOps Engineer,AI Engineer
Data Analyst,Prompt Engineer
AI Product Manager,Data Scientist
Machine Learning Engineer,AI Researcher
NLP Engineer,MLOps Engineer
AI Researcher,Prompt Engineer
NLP Engineer,Data Analyst
Machine Learning Engineer,Prompt Engineer
Data Scientist,MLOps Engineer
Game Developer,Game Developer
MLOps Engineer,NLP Engineer
AI Researcher,Data Analyst
Computer Vision Engineer,AI Engineer
AI Engineer,MLOps Engineer
Data Engineer,Data Engineer
.NET Developer,.NET Developer
Blockchain Developer,Blockchain Developer
Data Scientist,NLP Engineer
MLOps Engineer,Data Scientist
Data Analyst,MLOps Engineer
AI Product Manager,Data Analyst
Data Scientist,Data Analyst
MLOps Engineer,Data Scientist
Site Reliability Engineer,Site Reliability Engineer
Machine Learning Engineer,AI Product Manager
AI Researcher,AI Engineer
AI Engineer,Computer Vision Engineer
Data Analyst,Computer Vision Engineer
Machine Learning Engineer,AI Product Manager
Data Scientist,NLP Engineer
Prompt Engineer,AI Engineer
Data Engineer,Data Engineer
AI Engineer,Computer Vision Engineer
NLP Engineer,Data Scientist
AI Engineer,AI Product Manager
Computer Vision Engineer,AI Engineer
AI Product Manager,Prompt Engineer
AI Researcher,Prompt Engineer
AI Researcher,Computer Vision Engineer
Data Scientist,Machine Learning Engineer
Site Reliability Engineer,Site Reliability Engineer
AI Engineer,Prompt Engineer
MLOps Engineer,Machine Learning Engineer
AI Product Manager,AI Engineer
Computer Vision Engineer,AI Product Manager
Prompt Engineer,Data Scientist
AI Product Manager,MLOps Engineer
Prompt Engineer,NLP Engineer
Prompt Engineer,Data Scientist
Ethical Hacker,Ethical Hacker
Machine Learning Engineer,Data Scientist
NLP Engineer,Data Scientist
AI Engineer,Prompt Engineer
AI Engineer,AI Researcher
Machine Learning Engineer,AI Researcher
Prompt Engineer,Machine Learning Engineer
Data Scientist,AI Product Manager
MLOps Engineer,AI Researcher
Data Scientist,NLP Engineer
Data Analyst,Computer Vision Engineer
AI Engineer,Machine Learning Engineer
.NET Developer,.NET Developer
Computer Vision Engineer,MLOps Engineer
Data Scientist,AI Product Manager
MLOps Engineer,NLP Engineer
.NET Developer,.NET Developer
Data Analyst,Computer Vision Engineer
Data Scientist,NLP Engineer
Data Scientist,Computer Vision Engineer
Computer Vision Engineer,Data Scientist
AI Researcher,MLOps Engineer
Java Developer,Java Developer
Data Engineer,Data Engineer
AI Engineer,AI Product Manager
Computer Vision Engineer,AI Researcher
Computer Vision Engineer,AI Product Manager
Prompt Engineer,Machine Learning Engineer
Computer Vision Engineer,AI Product Manager
MLOps Engineer,Prompt Engineer
Computer Vision Engineer,Prompt Engineer
Machine Learning Engineer,Data Analyst
MLOps Engineer,AI Researcher
Game Developer,Game Developer
NLP Engineer,AI Researcher
Computer Vision Engineer,AI Product Manager
NLP Engineer,Machine Learning Engineer
.NET Developer,.NET Developer
Computer Vision Engineer,MLOps Engineer
AI Engineer,Data Analyst
MLOps Engineer,Data Analyst
AI Researcher,Prompt Engineer
Data Engineer,Data Engineer
Data Scientist,MLOps Engineer
Machine Learning Engineer,AI Engineer
AI Product Manager,AI Engineer
AI Researcher,AI Engineer
Ethical Hacker,Ethical Hacker
AI Engineer,Prompt Engineer
AI Researcher,Computer Vision Engineer
AI Product Manager,Prompt Engineer
AI Product Manager,MLOps Engineer
Data Analyst,NLP Engineer
AI Product Manager,NLP Engineer
AI Engineer,Data Analyst
Data Scientist,Prompt Engineer
NLP Engineer,Computer Vision Engineer
NLP Engineer,Computer Vision Engineer
Data Scientist,Computer Vision Engineer
Computer Vision Engineer,Prompt Engineer
MLOps Engineer,Machine Learning Engineer
Data Analyst,NLP Engineer
Data Analyst,Prompt Engineer
Data Scientist,NLP Engineer
AI Engineer,AI Product Manager
AI Product Manager,Prompt Engineer
Prompt Engineer,Data Analyst
AI Researcher,Data Scientist
AI Product Manager,AI Engineer
Data Engineer,Data Engineer
Prompt Engineer,MLOps Engineer
Data Analyst,Prompt Engineer
Prompt Engineer,Machine Learning Engineer
Computer Vision Engineer,Prompt Engineer
Ethical Hacker,Ethical Hacker
NLP Engineer,AI Product Manager
AI Product Manager,AI Engineer
AI Engineer,AI Product Manager
Prompt Engineer,AI Engineer
Data Scientist,AI Product Manager
Data Scientist,AI Researcher
Data Analyst,AI Product Manager
Prompt Engineer,Machine Learning Engineer
Data Scientist,MLOps Engineer
Data Scientist,Prompt Engineer
MLOps Engineer,AI Engineer
Machine Learning Engineer,AI Researcher
AI Researcher,Machine Learning Engineer
Computer Vision Engineer,Machine Learning Engineer
AI Researcher,Machine Learning Engineer
Machine Learning Engineer,Data Analyst
Prompt Engineer,Computer Vision Engineer
Prompt Engineer,MLOps Engineer
MLOps Engineer,Data Analyst
AI Researcher,Machine Learning Engineer
AI Engineer,AI Researcher
AI Researcher,AI Product Manager
Data Scientist,NLP Engineer
AI Product Manager,Computer Vision Engineer
Site Reliability Engineer,Site Reliability Engineer
AI Product Manager,AI Engineer
MLOps Engineer,Data Analyst
Game Developer,Game Developer
Computer Vision Engineer,Data Scientist
Game Developer,Game Developer
Data Scientist,NLP Engineer
AI Researcher,AI Engineer
Computer Vision Engineer,Data Scientist
Data Engineer,Data Engineer
Prompt Engineer,Data Scientist
AI Researcher,NLP Engineer
AI Product Manager,Data Analyst
MLOps Engineer,AI Engineer
AI Researcher,NLP Engineer
Data Scientist,Computer Vision Engineer
MLOps Engineer,Computer Vision Engineer
AI Engineer,NLP Engineer
AI Engineer,Data Scientist
AI Product Manager,Data Analyst
Java Developer,Java Developer
AI Engineer,MLOps Engineer
Data Scientist,AI Product Manager
MLOps Engineer,NLP Engineer
Prompt Engineer,Prompt Engineer
AI Product Manager,Machine Learning Engineer
Computer Vision Engineer,Data Scientist
Computer Vision Engineer,Data Analyst
Data Analyst,Computer Vision Engineer
NLP Engineer,Computer Vision Engineer
Computer Vision Engineer,AI Product Manager
Ethical Hacker,Ethical Hacker
Data Analyst,Machine Learning Engineer
Prompt Engineer,NLP Engineer
Data Scientist,Data Analyst
Data Scientist,MLOps Engineer
AI Researcher,Machine Learning Engineer
Machine Learning Engineer,Data Analyst
Prompt Engineer,AI Product Manager
AI Researcher,MLOps Engineer
Java Developer,Java Developer
Data Analyst,AI Researcher
NLP Engineer,Machine Learning Engineer
AI Product Manager,AI Researcher
Prompt Engineer,AI Engineer
Ethical Hacker,Ethical Hacker
Prompt Engineer,AI Engineer
Machine Learning Engineer,Prompt Engineer
AI Product Manager,NLP Engineer
AI Researcher,Machine Learning Engineer
Java Developer,Java Developer
AI Researcher,MLOps Engineer
Data Scientist,AI Product Manager
NLP Engineer,Prompt Engineer
Data Analyst,Machine Learning Engineer
AI Researcher,MLOps Engineer
Machine Learning Engineer,NLP Engineer
AI Product Manager,AI Researcher
NLP Engineer,Prompt Engineer
Data Scientist,Data Analyst
MLOps Engineer,AI Product Manager
Data Scientist,NLP Engineer
MLOps Engineer,Machine Learning Engineer
Game Developer,Game Developer
NLP Engineer,Computer Vision Engineer
Prompt Engineer,AI Engineer
Machine Learning Engineer,MLOps Engineer
Data Analyst,AI Product Manager
Data Analyst,Prompt Engineer
Prompt Engineer,Data Scientist
Web Developer,Web Developer
Machine Learning Engineer,Prompt Engineer
NLP Engineer,Data Analyst
AI Product Manager,NLP Engineer
Data Analyst,Machine Learning Engineer
Prompt Engineer,AI Engineer
Data Analyst,MLOps Engineer
AI Engineer,Data Scientist
MLOps Engineer,Machine Learning Engineer
Computer Vision Engineer,Data Scientist
Prompt Engineer,Computer Vision Engineer
Computer Vision Engineer,NLP Engineer
Data Analyst,Prompt Engineer
Data Scientist,Computer Vision Engineer
Data Analyst,Prompt Engineer
MLOps Engineer,Computer Vision Engineer
AI Product Manager,AI Researcher
Prompt Engineer,Data Analyst
AI Engineer,Data Scientist
Computer Vision Engineer,AI Researcher
Data Analyst,AI Researcher
Computer Vision Engineer,AI Product Manager
AI Researcher,MLOps Engineer
Data Scientist,AI Researcher
Data Scientist,Computer Vision Engineer
Computer Vision Engineer,AI Engineer
Game Developer,Game Developer
Prompt Engineer,AI Product Manager
NLP Engineer,Data Analyst
AI Researcher,Machine Learning Engineer
Computer Vision Engineer,MLOps Engineer
NLP Engineer,MLOps Engineer
Web Developer,Web Developer
Data Scientist,Data Analyst
Machine Learning Engineer,NLP Engineer
Data Analyst,NLP Engineer
Computer Vision Engineer,Prompt Engineer
Data Scientist,AI Researcher
Machine Learning Engineer,NLP Engineer
MLOps Engineer,NLP Engineer
Game Developer,Game Developer
Data Analyst,Machine Learning Engineer
AI Engineer,Prompt Engineer
Data Analyst,Data Scientist
Web Developer,Web Developer
Data Analyst,AI Product Manager
NLP Engineer,AI Product Manager
Computer Vision Engineer,Data Analyst
NLP Engineer,Data Analyst
Machine Learning Engineer,Computer Vision Engineer
Data Scientist,AI Engineer
.NET Developer,.NET Developer
AI Product Manager,Machine Learning Engineer
AI Researcher,Prompt Engineer
MLOps Engineer,NLP Engineer
AI Product Manager,Data Scientist
Machine Learning Engineer,AI Researcher
AI Product Manager,Computer Vision Engineer
Prompt Engineer,AI Engineer
AI Engineer,AI Product Manager
NLP Engineer,Data Analyst
Web Developer,Web Developer
Game Developer,Game Developer
Ethical Hacker,Ethical Hacker
Data Analyst,AI Engineer
NLP Engineer,Data Scientist
AI Product Manager,Data Analyst
AI Product Manager,AI Engineer
Computer Vision Engineer,Data Scientist
NLP Engineer,Prompt Engineer
Computer Vision Engineer,Machine Learning Engineer
Machine Learning Engineer,Prompt Engineer
Blockchain Developer,Blockchain Developer
NLP Engineer,AI Engineer
Site Reliability Engineer,Site Reliability Engineer
Data Analyst,Prompt Engineer
AI Product Manager,Machine Learning Engineer
NLP Engineer,AI Engineer
Prompt Engineer,Data Scientist
Game Developer,Game Developer
Site Reliability Engineer,Site Reliability Engineer
Machine Learning Engineer,AI Researcher
Ethical Hacker,Ethical Hacker
Data Analyst,Computer Vision Engineer
Machine Learning Engineer,Data Scientist
Machine Learning Engineer,AI Engineer
.NET Developer,.NET Developer
Web Developer,Web Developer
Game Developer,Game Developer
Prompt Engineer,Machine Learning Engineer
Prompt Engineer,AI Engineer
NLP Engineer,Data Analyst
Data Scientist,AI Product Manager
AI Engineer,Machine Learning Engineer
MLOps Engineer,AI Researcher
MLOps Engineer,AI Researcher
Data Analyst,Prompt Engineer
Prompt Engineer,Machine Learning Engineer
Computer Vision Engineer,NLP Engineer
AI Product Manager,Data Analyst
Computer Vision Engineer,Machine Learning Engineer
Data Scientist,AI Researcher
.NET Developer,.NET Developer
AI Engineer,NLP Engineer
Machine Learning Engineer,AI Engineer
MLOps Engineer,AI Engineer
Data Analyst,AI Product Manager
Computer Vision Engineer,AI Researcher
AI Researcher,Prompt Engineer
Data Scientist,Computer Vision Engineer
AI Engineer,Data Scientist
Java Developer,Java Developer
AI Product Manager,Data Scientist
Machine Learning Engineer,NLP Engineer
AI Researcher,AI Product Manager
AI Researcher,Computer Vision Engineer
NLP Engineer,Data Scientist
Machine Learning Engineer,AI Engineer
Site Reliability Engineer,Site Reliability Engineer
AI Product Manager,Machine Learning Engineer
AI Product Manager,Prompt Engineer
Blockchain Developer,Blockchain Developer
Prompt Engineer,NLP Engineer
Prompt Engineer,Data Scientist
NLP Engineer,Data Scientist
Prompt Engineer,AI Engineer
Prompt Engineer,AI Engineer
Data Scientist,Computer Vision Engineer
AI Product Manager,AI Engineer
AI Engineer,Prompt Engineer
AI Researcher,Data Analyst
NLP Engineer,Data Analyst
AI Researcher,NLP Engineer
AI Engineer,Prompt Engineer
NLP Engineer,Data Scientist
Prompt Engineer,Computer Vision Engineer
Machine Learning Engineer,Prompt Engineer
Prompt Engineer,Data Scientist
NLP Engineer,Data Scientist
NLP Engineer,Prompt Engineer
AI Researcher,AI Product Manager
AI Researcher,MLOps Engineer
AI Engineer,Machine Learning Engineer
Game Developer,Game Developer
AI Product Manager,AI Engineer
NLP Engineer,AI Engineer
NLP Engineer,AI Engineer
AI Researcher,Computer Vision Engineer
AI Researcher,Data Analyst
AI Researcher,Prompt Engineer
Blockchain Developer,Blockchain Developer
Prompt Engineer,AI Engineer
.NET Developer,.NET Developer
NLP Engineer,AI Engineer
Site Reliability Engineer,Site Reliability Engineer
MLOps Engineer,Computer Vision Engineer
Game Developer,Game Developer
AI Researcher,Machine Learning Engineer
Data Analyst,Computer Vision Engineer
Site Reliability Engineer,Site Reliability Engineer
Machine Learning Engineer,AI Engineer
Prompt Engineer,Machine Learning Engineer
Game Developer,Game Developer
Data Scientist,AI Researcher
AI Product Manager,Data Analyst
Machine Learning Engineer,Prompt Engineer
NLP Engineer,AI Engineer
MLOps Engineer,AI Engineer
Computer Vision Engineer,AI Researcher
Data Scientist,AI Engineer
AI Product Manager,AI Engineer
MLOps Engineer,AI Product Manager
Blockchain Developer,Blockchain Developer
NLP Engineer,AI Product Manager
Prompt Engineer,MLOps Engineer
Data Analyst,MLOps Engineer
AI Product Manager,Prompt Engineer
MLOps Engineer,AI Researcher
Machine Learning Engineer,Prompt Engineer
Data Scientist,AI Researcher
Prompt Engineer,AI Engineer
Ethical Hacker,Ethical Hacker
Prompt Engineer,Data Scientist
AI Researcher,Machine Learning Engineer
Blockchain Developer,Blockchain Developer
Machine Learning Engineer,AI Researcher
AI Researcher,Machine Learning Engineer
AI Product Manager,Prompt Engineer
AI Product Manager,NLP Engineer
Prompt Engineer,Data Scientist
Web Developer,Web Developer
AI Researcher,AI Product Manager
AI Researcher,AI Product Manager
NLP Engineer,AI Engineer
AI Product Manager,NLP Engineer
Data Engineer,Data Engineer
Prompt Engineer,AI Engineer
Data Scientist,AI Engineer
AI Engineer,Data Scientist
Data Analyst,AI Product Manager
.NET Developer,.NET Developer
Data Analyst,Prompt Engineer
Machine Learning Engineer,MLOps Engineer
Data Analyst,Machine Learning Engineer
NLP Engineer,Data Analyst
MLOps Engineer,Prompt Engineer
Data Scientist,Machine Learning Engineer
AI Researcher,NLP Engineer
Java Developer,Java Developer
Web Developer,Web Developer
Machine Learning Engineer,MLOps Engineer
Java Developer,Java Developer
MLOps Engineer,Data Analyst
Data Analyst,AI Product Manager
Computer Vision Engineer,Prompt Engineer
Blockchain Developer,Blockchain Developer
Machine Learning Engineer,AI Researcher
Machine Learning Engineer,Computer Vision Engineer
Machine Learning Engineer,Prompt Engineer
Blockchain Developer,Blockchain Developer
NLP Engineer,AI Researcher
Site Reliability Engineer,Site Reliability Engineer
Data Analyst,AI Product Manager
Game Developer,Game Developer
Machine Learning Engineer,Data Scientist
Computer Vision Engineer,Prompt Engineer
AI Researcher,Machine Learning Engineer
MLOps Engineer,AI Product Manager
Web Developer,Web Developer
AI Product Manager,Data Analyst
AI Engineer,Machine Learning Engineer
Prompt Engineer,AI Product Manager
Machine Learning Engineer,MLOps Engineer
Machine Learning Engineer,NLP Engineer
MLOps Engineer,Prompt Engineer
Machine Learning Engineer,Prompt Engineer
Data Engineer,Data Engineer
Machine Learning Engineer,NLP Engineer
Data Analyst,Data Scientist
Data Analyst,MLOps Engineer
Web Developer,Web Developer
Data Scientist,Prompt Engineer
AI Product Manager,Data Analyst
Computer Vision Engineer,Data Analyst
NLP Engineer,AI Product Manager
NLP Engineer,Data Analyst
Data Scientist,AI Product Manager
Data Engineer,Data Engineer
.NET Developer,.NET Developer
Ethical Hacker,Ethical Hacker
NLP Engineer,Machine Learning Engineer
MLOps Engineer,AI Researcher
AI Engineer,AI Researcher
AI Engineer,Data Analyst
Blockchain Developer,Blockchain Developer
Blockchain Developer,Blockchain Developer
Machine Learning Engineer,AI Researcher
NLP Engineer,Data Scientist
Data Analyst,Machine Learning Engineer
AI Researcher,Data Analyst
AI Researcher,AI Engineer
Data Scientist,AI Engineer
MLOps Engineer,Data Scientist
Data Analyst,Prompt Engineer
Computer Vision Engineer,Prompt Engineer
Ethical Hacker,Ethical Hacker
AI Researcher,NLP Engineer
Blockchain Developer,Blockchain Developer
Prompt Engineer,Data Scientist
Prompt Engineer,Data Analyst
MLOps Engineer,AI Product Manager
Computer Vision Engineer,Machine Learning Engineer
Machine Learning Engineer,Data Scientist
AI Product Manager,Data Analyst
NLP Engineer,Data Analyst
MLOps Engineer,Prompt Engineer
NLP Engineer,AI Product Manager
NLP Engineer,Data Scientist
Data Analyst,AI Researcher
AI Engineer,NLP Engineer
AI Product Manager,Prompt Engineer
Machine Learning Engineer,AI Researcher
Machine Learning Engineer,Computer Vision Engineer
Machine Learning Engineer,Prompt Engineer
AI Engineer,Computer Vision Engineer
NLP Engineer,Machine Learning Engineer
AI Researcher,Data Analyst
Data Analyst,Computer Vision Engineer
Prompt Engineer,Data Scientist
Data Analyst,MLOps Engineer
Data Analyst,Prompt Engineer
Web Developer,Web Developer
AI Researcher,Data Scientist
Java Developer,Java Developer
Prompt Engineer,MLOps Engineer
Computer Vision Engineer,MLOps Engineer
NLP Engineer,Data Analyst
Ethical Hacker,Ethical Hacker
AI Engineer,NLP Engineer
AI Engineer,AI Product Manager
Prompt Engineer,AI Product Manager
Game Developer,Game Developer
Game Developer,Game Developer
Computer Vision Engineer,MLOps Engineer
NLP Engineer,AI Product Manager
AI Researcher,Data Scientist
Site Reliability Engineer,Site Reliability Engineer
AI Product Manager,AI Engineer
AI Researcher,Data Scientist
MLOps Engineer,AI Researcher
AI Researcher,NLP Engineer
MLOps Engineer,AI Engineer
Data Analyst,AI Researcher
Computer Vision Engineer,Prompt Engineer
AI Researcher,Computer Vision Engineer
Machine Learning Engineer,Data Scientist
Data Scientist,MLOps Engineer
Computer Vision Engineer,Prompt Engineer
Game Developer,Game Developer
Machine Learning Engineer,AI Product Manager
Data Scientist,AI Researcher
Prompt Engineer,Computer Vision Engineer
Data Analyst,AI Product Manager
AI Engineer,NLP Engineer
Data Analyst,AI Researcher
.NET Developer,.NET Developer
AI Researcher,Machine Learning Engineer
AI Product Manager,Prompt Engineer
MLOps Engineer,NLP Engineer
Ethical Hacker,Ethical Hacker
AI Engineer,AI Product Manager
Web Developer,Web Developer
Computer Vision Engineer,NLP Engineer
AI Engineer,AI Product Manager
Data Analyst,Prompt Engineer
AI Product Manager,Data Scientist
Machine Learning Engineer,AI Product Manager
NLP Engineer,Data Analyst
Data Scientist,Prompt Engineer
Ethical Hacker,Ethical Hacker
Data Scientist,Computer Vision Engineer
MLOps Engineer,NLP Engineer
Prompt Engineer,NLP Engineer
Data Scientist,Data Analyst
Machine Learning Engineer,Prompt Engineer
Blockchain Developer,Blockchain Developer
Computer Vision Engineer,Data Analyst
Data Analyst,AI Researcher
AI Engineer,Data Scientist
Prompt Engineer,NLP Engineer
AI Product Manager,Machine Learning Engineer
Computer Vision Engineer,NLP Engineer
AI Engineer,NLP Engineer
AI Researcher,AI Engineer
Prompt Engineer,AI Product Manager
Prompt Engineer,AI Product Manager
Data Analyst,Data Scientist
Computer Vision Engineer,Data Scientist
MLOps Engineer,AI Engineer
Prompt Engineer,NLP Engineer
Prompt Engineer,AI Engineer
AI Engineer,AI Researcher
Prompt Engineer,MLOps Engineer
Data Analyst,NLP Engineer
Data Analyst,AI Product Manager
NLP Engineer,AI Product Manager
.NET Developer,.NET Developer
NLP Engineer,Prompt Engineer
AI Engineer,Data Scientist
AI Product Manager,AI Engineer
AI Engineer,Data Analyst
Site Reliability Engineer,Site Reliability Engineer
Prompt Engineer,Data Analyst
AI Researcher,AI Engineer
Machine Learning Engineer,AI Product Manager
.NET Developer,.NET Developer
Computer Vision Engineer,AI Engineer
Computer Vision Engineer,Prompt Engineer
Data Engineer,Data Engineer
Data Scientist,AI Researcher
NLP Engineer,Data Analyst
MLOps Engineer,AI Engineer
AI Product Manager,Data Scientist
AI Engineer,NLP Engineer
Computer Vision Engineer,MLOps Engineer
Machine Learning Engineer,AI Product Manager
AI Product Manager,Prompt Engineer
AI Product Manager,MLOps Engineer
MLOps Engineer,Prompt Engineer
AI Engineer,NLP Engineer
AI Researcher,Machine Learning Engineer
AI Engineer,Prompt Engineer
AI Product Manager,Data Scientist
Prompt Engineer,NLP Engineer
AI Researcher,Data Analyst
AI Product Manager,Data Scientist
AI Product Manager,MLOps Engineer
AI Product Manager,Computer Vision Engineer
AI Product Manager,Computer Vision Engineer
AI Product Manager,Data Scientist
AI Engineer,Computer Vision Engineer
.NET Developer,.NET Developer
MLOps Engineer,Data Scientist
Data Analyst,MLOps Engineer
Data Scientist,Data Scientist
Data Analyst,MLOps Engineer
NLP Engineer,AI Engineer
Site Reliability Engineer,Site Reliability Engineer
AI Product Manager,NLP Engineer
MLOps Engineer,AI Engineer
AI Researcher,Computer Vision Engineer
Data Scientist,AI Engineer
NLP Engineer,MLOps Engineer
NLP Engineer,AI Researcher
Computer Vision Engineer,NLP Engineer
Machine Learning Engineer,Prompt Engineer
AI Engineer,AI Product Manager
AI Engineer,MLOps Engineer
Java Developer,Java Developer
AI Researcher,MLOps Engineer
Game Developer,Game Developer
Data Scientist,Machine Learning Engineer
MLOps Engineer,Prompt Engineer
NLP Engineer,Prompt Engineer
Web Developer,Web Developer
Data Engineer,Data Engineer
Prompt Engineer,MLOps Engineer
AI Product Manager,Data Scientist
Data Scientist,AI Engineer
Data Scientist,MLOps Engineer
Machine Learning Engineer,AI Engineer
AI Researcher,Prompt Engineer
Java Developer,Java Developer
Data Analyst,Computer Vision Engineer
AI Engineer,AI Product Manager
Game Developer,Game Developer
Game Developer,Game Developer
AI Product Manager,Computer Vision Engineer
Computer Vision Engineer,Prompt Engineer
MLOps Engineer,NLP Engineer
AI Engineer,Data Analyst
Machine Learning Engineer,AI Product Manager
NLP Engineer,AI Product Manager
.NET Developer,.NET Developer
Machine Learning Engineer,Computer Vision Engineer
Machine Learning Engineer,AI Product Manager
.NET Developer,.NET Developer
Java Developer,Java Developer
NLP Engineer,AI Product Manager
Data Engineer,Data Engineer
Web Developer,Web Developer
AI Engineer,Data Analyst
AI Engineer,MLOps Engineer
AI Product Manager,Data Scientist
Web Developer,Web Developer
Computer Vision Engineer,AI Engineer
AI Engineer,MLOps Engineer
NLP Engineer,MLOps Engineer
Computer Vision Engineer,AI Engineer
Data Analyst,MLOps Engineer
Computer Vision Engineer,NLP Engineer
AI Engineer,Machine Learning Engineer
Blockchain Developer,Blockchain Developer
MLOps Engineer,Prompt Engineer
AI Researcher,Computer Vision Engineer
Machine Learning Engineer,AI Product Manager
Computer Vision Engineer,AI Engineer
AI Researcher,NLP Engineer
Web Developer,Web Developer
Game Developer,Game Developer
Machine Learning Engineer,Data Analyst
Data Analyst,Data Scientist
AI Engineer,Machine Learning Engineer
Game Developer,Game Developer
Data Analyst,AI Researcher
Machine Learning Engineer,Data Analyst
NLP Engineer,Machine Learning Engineer
Java Developer,Java Developer
AI Engineer,MLOps Engineer
Web Developer,Web Developer
AI Engineer,Data Scientist
Site Reliability Engineer,Site Reliability Engineer
Prompt Engineer,AI Researcher
MLOps Engineer,NLP Engineer
NLP Engineer,Computer Vision Engineer
AI Researcher,AI Engineer
Computer Vision Engineer,AI Product Manager
NLP Engineer,Machine Learning Engineer
AI Researcher,NLP Engineer
MLOps Engineer,Prompt Engineer
AI Product Manager,AI Engineer
Game Developer,Game Developer
MLOps Engineer,Computer Vision Engineer
.NET Developer,.NET Developer
Computer Vision Engineer,Machine Learning Engineer
Game Developer,Game Developer
AI Product Manager,AI Engineer
Web Developer,Web Developer
Ethical Hacker,Ethical Hacker
Machine Learning Engineer,AI Product Manager
Data Analyst,MLOps Engineer
NLP Engineer,AI Product Manager
Ethical Hacker,Ethical Hacker
Data Scientist,Data Scientist
Prompt Engineer,AI Engineer
MLOps Engineer,AI Researcher
AI Product Manager,Machine Learning Engineer
NLP Engineer,AI Engineer
.NET Developer,.NET Developer
Computer Vision Engineer,AI Product Manager
Data Analyst,Computer Vision Engineer
Blockchain Developer,Blockchain Developer
Machine Learning Engineer,Machine Learning Engineer
Data Scientist,MLOps Engineer
Prompt Engineer,NLP Engineer
NLP Engineer,Computer Vision Engineer
NLP Engineer,Computer Vision Engineer
AI Researcher,Data Analyst
MLOps Engineer,Prompt Engineer
Data Analyst,Data Scientist
AI Engineer,AI Researcher
Prompt Engineer,AI Product Manager
Data Analyst,AI Researcher
AI Engineer,Data Scientist
Machine Learning Engineer,NLP Engineer
Machine Learning Engineer,NLP Engineer
Prompt Engineer,AI Researcher
MLOps Engineer,AI Researcher
NLP Engineer,Data Analyst
Computer Vision Engineer,Machine Learning Engineer
AI Researcher,Machine Learning Engineer
Web Developer,Web Developer
Java Developer,Java Developer
AI Product Manager,Data Scientist
Game Developer,Game Developer
Data Analyst,Prompt Engineer
MLOps Engineer,AI Engineer
Computer Vision Engineer,Prompt Engineer
Data Scientist,MLOps Engineer
Computer Vision Engineer,Machine Learning Engineer
NLP Engineer,Prompt Engineer
Machine Learning Engineer,NLP Engineer
AI Product Manager,Prompt Engineer
MLOps Engineer,Prompt Engineer
AI Engineer,Data Scientist
Java Developer,Java Developer
Data Analyst,NLP Engineer
Machine Learning Engineer,Computer Vision Engineer
Prompt Engineer,AI Researcher
Site Reliability Engineer,Site Reliability Engineer
Computer Vision Engineer,Data Scientist
Computer Vision Engineer,Data Analyst
Data Engineer,Data Engineer
MLOps Engineer,Data Analyst
Data Analyst,AI Engineer
Data Engineer,Data Engineer
AI Researcher,AI Engineer
Prompt Engineer,Machine Learning Engineer
Java Developer,Java Developer
Data Analyst,Machine Learning Engineer
Prompt Engineer,MLOps Engineer
AI Researcher,MLOps Engineer
Data Analyst,Computer Vision Engineer
Computer Vision Engineer,AI Researcher
AI Product Manager,AI Engineer
MLOps Engineer,AI Researcher
Machine Learning Engineer,Computer Vision Engineer
NLP Engineer,Prompt Engineer
Data Analyst,Data Scientist
NLP Engineer,AI Product Manager
Data Scientist,Computer Vision Engineer
Data Analyst,Data Scientist
Prompt Engineer,Computer Vision Engineer
Game Developer,Game Developer
NLP Engineer,Machine Learning Engineer
AI Engineer,NLP Engineer
AI Researcher,Computer Vision Engineer
Blockchain Developer,Blockchain Developer
NLP Engineer,Prompt Engineer
Data Scientist,AI Product Manager
Ethical Hacker,Ethical Hacker
NLP Engineer,AI Researcher
AI Engineer,Data Scientist
MLOps Engineer,NLP Engineer
Prompt Engineer,NLP Engineer
Data Scientist,NLP Engineer
MLOps Engineer,Prompt Engineer
AI Researcher,Machine Learning Engineer
Data Analyst,AI Engineer
.NET Developer,.NET Developer
Computer Vision Engineer,MLOps Engineer
Data Scientist,Data Analyst
Data Engineer,Data Engineer
Machine Learning Engineer,MLOps Engineer
Data Analyst,Computer Vision Engineer
Machine Learning Engineer,Data Scientist
NLP Engineer,AI Engineer
.NET Developer,.NET Developer
Computer Vision Engineer,Machine Learning Engineer
Site Reliability Engineer,Site Reliability Engineer
AI Product Manager,Prompt Engineer
Data Analyst,Computer Vision Engineer
Prompt Engineer,Data Analyst
NLP Engineer,Data Scientist
Game Developer,Game Developer
Prompt Engineer,Machine Learning Engineer
.NET Developer,.NET Developer
Game Developer,Game Developer
Web Developer,Web Developer
MLOps Engineer,AI Engineer
AI Product Manager,AI Researcher
AI Researcher,Computer Vision Engineer
MLOps Engineer,Machine Learning Engineer
Machine Learning Engineer,Computer Vision Engineer
Prompt Engineer,MLOps Engineer
Java Developer,Java Developer
AI Researcher,AI Engineer
Data Analyst,AI Researcher
Prompt Engineer,AI Researcher
Data Analyst,MLOps Engineer
.NET Developer,.NET Developer
NLP Engineer,Computer Vision Engineer
Data Scientist,Data Analyst
AI Engineer,Data Analyst
AI Product Manager,Prompt Engineer
Prompt Engineer,AI Engineer
MLOps Engineer,AI Engineer
AI Product Manager,Data Analyst
Data Analyst,Data Scientist
Data Analyst,AI Researcher
Prompt Engineer,Data Analyst
Computer Vision Engineer,NLP Engineer
Ethical Hacker,Ethical Hacker
Prompt Engineer,Machine Learning Engineer
Data Engineer,Data Engineer
NLP Engineer,AI Product Manager
Prompt Engineer,AI Engineer
AI Product Manager,Machine Learning Engineer
AI Engineer,AI Researcher
Web Developer,Web Developer
NLP Engineer,Prompt Engineer
AI Engineer,Computer Vision Engineer
AI Product Manager,Data Scientist
MLOps Engineer,Data Analyst
NLP Engineer,Machine Learning Engineer
Data Analyst,NLP Engineer
MLOps Engineer,Data Analyst
Computer Vision Engineer,Data Analyst
Java Developer,Java Developer
Data Analyst,Machine Learning Engineer
Machine Learning Engineer,AI Product Manager
Machine Learning Engineer,Machine Learning Engineer
NLP Engineer,Data Scientist
NLP Engineer,Prompt Engineer
Prompt Engineer,Data Analyst
MLOps Engineer,Computer Vision Engineer
Prompt Engineer,Machine Learning Engineer
Game Developer,Game Developer
Ethical Hacker,Ethical Hacker
Computer Vision Engineer,Prompt Engineer
Machine Learning Engineer,Computer Vision Engineer
Prompt Engineer,Computer Vision Engineer
AI Engineer,NLP Engineer
NLP Engineer,Computer Vision Engineer
Blockchain Developer,Blockchain Developer
Data Analyst,Prompt Engineer
Data Scientist,Prompt Engineer
Machine Learning Engineer,Data Analyst
Data Analyst,MLOps Engineer
Computer Vision Engineer,AI Product Manager
AI Engineer,AI Researcher
NLP Engineer,AI Researcher
Machine Learning Engineer,AI Researcher
AI Engineer,AI Product Manager
Computer Vision Engineer,Data Analyst
Computer Vision Engineer,Data Analyst
Data Scientist,AI Product Manager
.NET Developer,.NET Developer
Data Scientist,NLP Engineer
Data Scientist,Computer Vision Engineer
Java Developer,Java Developer
AI Researcher,NLP Engineer
Computer Vision Engineer,NLP Engineer
Prompt Engineer,NLP Engineer
AI Engineer,MLOps Engineer
Data Analyst,MLOps Engineer
Machine Learning Engineer,Data Analyst
Game Developer,Game Developer
MLOps Engineer,Computer Vision Engineer
Computer Vision Engineer,MLOps Engineer
AI Engineer,NLP Engineer
Machine Learning Engineer,MLOps Engineer
Prompt Engineer,NLP Engineer
Computer Vision Engineer,Data Analyst
AI Engineer,AI Researcher
AI Product Manager,NLP Engineer
Data Analyst,AI Engineer
Machine Learning Engineer,AI Researcher
Data Analyst,Machine Learning Engineer
Computer Vision Engineer,MLOps Engineer
AI Product Manager,NLP Engineer
AI Engineer,AI Product Manager
Data Scientist,Computer Vision Engineer
MLOps Engineer,Computer Vision Engineer
Java Developer,Java Developer
Data Scientist,MLOps Engineer
Computer Vision Engineer,Data Scientist
Data Scientist,Machine Learning Engineer
Data Scientist,Machine Learning Engineer
Blockchain Developer,Blockchain Developer
AI Product Manager,Computer Vision Engineer
AI Researcher,AI Product Manager
Java Developer,Java Developer
AI Engineer,AI Product Manager
Data Scientist,Prompt Engineer
MLOps Engineer,NLP Engineer
Computer Vision Engineer,Data Scientist
Machine Learning Engineer,AI Product Manager
Data Engineer,Data Engineer
Data Scientist,AI Product Manager
Data Analyst,NLP Engineer
AI Researcher,MLOps Engineer
MLOps Engineer,Data Scientist
Prompt Engineer,AI Researcher
MLOps Engineer,Machine Learning Engineer
NLP Engineer,Machine Learning Engineer
Computer Vision Engineer,Data Scientist
Prompt Engineer,Computer Vision Engineer
Data Analyst,AI Researcher
AI Researcher,Computer Vision Engineer
AI Engineer,AI Product Manager
NLP Engineer,Machine Learning Engineer
Web Developer,Web Developer
AI Engineer,Data Scientist
MLOps Engineer,AI Product Manager
Computer Vision Engineer,Data Scientist
Computer Vision Engineer,MLOps Engineer
Data Analyst,Data Scientist
AI Product Manager,AI Engineer
Computer Vision Engineer,MLOps Engineer
.NET Developer,.NET Developer
NLP Engineer,Machine Learning Engineer
Prompt Engineer,Data Scientist
Web Developer,Web Developer
Prompt Engineer,MLOps Engineer
MLOps Engineer,AI Researcher
MLOps Engineer,NLP Engineer
Data Analyst,Machine Learning Engineer
AI Engineer,Computer Vision Engineer
Computer Vision Engineer,MLOps Engineer
Computer Vision Engineer,AI Product Manager
Machine Learning Engineer,Data Scientist
Prompt Engineer,Data Analyst
MLOps Engineer,AI Researcher
MLOps Engineer,AI Researcher
Blockchain Developer,Blockchain Developer
Data Engineer,Data Engineer
Game Developer,Game Developer
Blockchain Developer,Blockchain Developer
AI Engineer,MLOps Engineer
MLOps Engineer,Computer Vision Engineer
MLOps Engineer,Prompt Engineer
Data Scientist,Machine Learning Engineer
Web Developer,Web Developer
.NET Developer,.NET Developer
Computer Vision Engineer,AI Engineer
Data Analyst,Computer Vision Engineer
AI Engineer,Prompt Engineer
Java Developer,Java Developer
MLOps Engineer,AI Researcher
Computer Vision Engineer,Data Scientist
Computer Vision Engineer,AI Researcher
Site Reliability Engineer,Site Reliability Engineer
Data Scientist,Computer Vision Engineer
MLOps Engineer,Prompt Engineer
Data Engineer,Data Engineer
Computer Vision Engineer,Data Analyst
MLOps Engineer,Machine Learning Engineer
AI Researcher,Computer Vision Engineer
Machine Learning Engineer,AI Engineer
Machine Learning Engineer,AI Engineer
AI Product Manager,Computer Vision Engineer
AI Engineer,MLOps Engineer
AI Researcher,Prompt Engineer
Data Scientist,Data Analyst
AI Engineer,Computer Vision Engineer
Java Developer,Java Developer
Machine Learning Engineer,NLP Engineer
Data Scientist,Machine Learning Engineer
Java Developer,Java Developer
.NET Developer,.NET Developer
Data Analyst,AI Researcher
Data Analyst,AI Engineer
Data Scientist,MLOps Engineer
AI Researcher,Data Scientist
Web Developer,Web Developer
Ethical Hacker,Ethical Hacker
Data Analyst,NLP Engineer
Prompt Engineer,Data Analyst
Data Analyst,AI Product Manager
AI Engineer,Machine Learning Engineer
Java Developer,Java Developer
Machine Learning Engineer,MLOps Engineer
AI Engineer,Prompt Engineer
Data Scientist,AI Product Manager
Web Developer,Web Developer
Machine Learning Engineer,Data Scientist
Computer Vision Engineer,AI Engineer
AI Product Manager,AI Researcher
NLP Engineer,MLOps Engineer
Data Scientist,MLOps Engineer
Prompt Engineer,MLOps Engineer
AI Researcher,Data Analyst
MLOps Engineer,AI Engineer
NLP Engineer,AI Researcher
AI Researcher,AI Product Manager
Computer Vision Engineer,AI Researcher
Data Analyst,Prompt Engineer
Site Reliability Engineer,Site Reliability Engineer
AI Engineer,Prompt Engineer
Ethical Hacker,Ethical Hacker
Prompt Engineer,Data Analyst
AI Researcher,AI Engineer
NLP Engineer,Data Analyst
Machine Learning Engineer,AI Researcher
AI Researcher,AI Engineer
AI Engineer,Data Analyst
Data Scientist,Data Analyst
Machine Learning Engineer,Computer Vision Engineer
Computer Vision Engineer,AI Product Manager
NLP Engineer,MLOps Engineer
AI Researcher,NLP Engineer
AI Researcher,Prompt Engineer
NLP Engineer,AI Researcher
AI Researcher,Computer Vision Engineer
NLP Engineer,MLOps Engineer
Data Analyst,MLOps Engineer
MLOps Engineer,AI Engineer
.NET Developer,.NET Developer
Ethical Hacker,Ethical Hacker
AI Product Manager,Machine Learning Engineer
Machine Learning Engineer,AI Product Manager
AI Researcher,Machine Learning Engineer
Machine Learning Engineer,Computer Vision Engineer
AI Researcher,MLOps Engineer
Computer Vision Engineer,Data Scientist
Data Scientist,MLOps Engineer
Data Analyst,Prompt Engineer
Machine Learning Engineer,AI Researcher
AI Engineer,Data Analyst
Prompt Engineer,Data Scientist
MLOps Engineer,AI Engineer
Machine Learning Engineer,NLP Engineer
Data Engineer,Data Engineer
Computer Vision Engineer,Machine Learning Engineer
AI Product Manager,Computer Vision Engineer
AI Engineer,AI Researcher
NLP Engineer,AI Product Manager
Data Analyst,AI Engineer
NLP Engineer,MLOps Engineer
Java Developer,Java Developer
Data Engineer,Data Engineer
Machine Learning Engineer,Computer Vision Engineer
Site Reliability Engineer,Site Reliability Engineer
Blockchain Developer,Blockchain Developer
NLP Engineer,MLOps Engineer
Data Analyst,MLOps Engineer
AI Product Manager,MLOps Engineer
Prompt Engineer,AI Product Manager
Data Analyst,Data Scientist
NLP Engineer,Data Scientist
AI Engineer,AI Product Manager
NLP Engineer,Data Scientist
AI Researcher,Prompt Engineer
AI Engineer,Machine Learning Engineer
AI Researcher,Prompt Engineer
Data Analyst,Prompt Engineer
Machine Learning Engineer,Prompt Engineer
AI Product Manager,Prompt Engineer
Blockchain Developer,Blockchain Developer
AI Engineer,Data Scientist
Prompt Engineer,Data Scientist
Prompt Engineer,Data Scientist
Prompt Engineer,MLOps Engineer
Site Reliability Engineer,Site Reliability Engineer
Machine Learning Engineer,AI Researcher
Data Scientist,AI Engineer
Computer Vision Engineer,Computer Vision Engineer
Data Scientist,Computer Vision Engineer
Data Scientist,MLOps Engineer
Computer Vision Engineer,AI Researcher
Data Analyst,Prompt Engineer
Machine Learning Engineer,AI Engineer
Data Analyst,Data Scientist
NLP Engineer,Data Analyst
AI Product Manager,AI Engineer
Data Analyst,Machine Learning Engineer
AI Engineer,Data Scientist
Machine Learning Engineer,Prompt Engineer
AI Researcher,NLP Engineer
