Candidate_ID,Career,Skills,Education,Experience_Level,Experience_Years,Certification,RIASEC_Realistic,RIASEC_Investigative,RIASEC_Artistic,RIASEC_Social,RIASEC_Enterprising,RIASEC_Conventional
C0001,VLSI Engineer,"Digital Logic Design, DFT (Design for Testability), Static Timing Analysis (STA), Verilog, CMOS Technology, Logic Synthesis, SystemVerilog, VHDL, RTL Design",B.E./B.Tech Electronics and Communication Engineering,Entry-level (0-1 yrs / Fresher),0.1,None,3.81,4.4,2.18,2.35,2.03,3.22
C0002,VLSI Engineer,"FPGA Design, Synopsys Design Compiler, Verilog, Cadence Virtuoso, CMOS Technology, Analog IC Design, RTL Design, Physical Design, SystemVerilog, ModelSim, VHDL, Logic Synthesis, Digital Logic Design",B.E./B.Tech Electronics and Communication Engineering,Senior (6-10 yrs),6.3,ASIC Verification Certification,4.17,3.91,2.34,1.4,2.27,3.18
C0003,VLSI Engineer,"Digital Logic Design, Verilog, Low Power Design, ASIC Design, VHDL, RTL Design, Place and Route, DFT (Design for Testability), CMOS Technology, FPGA Design",B.E. Electronics Engineering,Entry-level (0-1 yrs / Fresher),0.6,None,3.61,4.34,1.69,1.87,2.84,3.02
C0004,VLSI Engineer,"Digital Logic Design, SystemVerilog, Low Power Design, RTL Design, DFT (Design for Testability), VHDL, Verilog, CMOS Technology, ASIC Design, UVM Verification",M.S. VLSI and Embedded Systems,Senior (6-10 yrs),6.6,None,3.91,4.91,1.96,2.33,2.62,3.06
C0005,VLSI Engineer,"CMOS Technology, ModelSim, Timing Closure, Signal Integrity, Digital Logic Design, ASIC Design, Cadence Virtuoso, RTL Design, VHDL, Verilog",M.S. VLSI and Embedded Systems,Mid-level (3-6 yrs),5.9,VLSI Design Certification (VSD/IIT),3.82,4.22,2.5,1.36,2.34,2.94
C0006,VLSI Engineer,"Semiconductor Physics, Digital Logic Design, Verilog, Xilinx Vivado, Analog IC Design, Low Power Design, Synopsys Design Compiler, VHDL, RTL Design, SystemVerilog, CMOS Technology",M.Tech VLSI Design,Entry-level (0-1 yrs / Fresher),0.6,None,4.81,4.51,2.55,1.28,2.25,3.43
C0007,VLSI Engineer,"FPGA Design, Verilog, ASIC Design, VHDL, Digital Logic Design, Semiconductor Physics, Logic Synthesis, CMOS Technology, Timing Closure, Low Power Design, ModelSim, Signal Integrity, RTL Design",B.E. Electronics Engineering,Senior (6-10 yrs),10.0,ASIC Verification Certification,3.45,4.58,2.21,2.0,2.02,3.75
C0008,VLSI Engineer,"CMOS Technology, DFT (Design for Testability), Analog IC Design, FPGA Design, SystemVerilog, RTL Design, UVM Verification, VHDL, Digital Logic Design, Verilog",M.Tech VLSI Design,Junior (1-3 yrs),2.4,None,3.92,4.85,1.85,1.9,2.1,2.99
C0009,VLSI Engineer,"Xilinx Vivado, Verilog, CMOS Technology, RTL Design, ASIC Design, SystemVerilog, Synopsys Design Compiler, Static Timing Analysis (STA), Physical Design, Analog IC Design, Digital Logic Design, VHDL",B.E./B.Tech Electronics and Communication Engineering,Senior (6-10 yrs),9.2,VLSI Design Certification (VSD/IIT),5.0,4.88,2.54,1.0,3.0,2.95
C0010,VLSI Engineer,"Low Power Design, CMOS Technology, VHDL, Timing Closure, Semiconductor Physics, Static Timing Analysis (STA), Digital Logic Design, RTL Design, Verilog, ModelSim",M.S. VLSI and Embedded Systems,Senior (6-10 yrs),6.6,ASIC Verification Certification,3.93,4.54,1.99,1.66,2.25,3.42
C0011,VLSI Engineer,"Timing Closure, SystemVerilog, RTL Design, Synopsys Design Compiler, ASIC Design, CMOS Technology, Verilog, Semiconductor Physics, Digital Logic Design, FPGA Design, Logic Synthesis, VHDL",M.S. VLSI and Embedded Systems,Mid-level (3-6 yrs),5.8,None,3.73,4.1,1.98,2.01,2.03,2.95
C0012,VLSI Engineer,"Xilinx Vivado, Static Timing Analysis (STA), Verilog, SystemVerilog, VHDL, RTL Design, CMOS Technology, Digital Logic Design, ASIC Design",B.E. Electronics Engineering,Mid-level (3-6 yrs),3.5,ASIC Verification Certification,3.0,3.64,1.97,1.76,2.44,2.99
C0013,VLSI Engineer,"Verilog, Digital Logic Design, Cadence Virtuoso, Xilinx Vivado, CMOS Technology, Logic Synthesis, Static Timing Analysis (STA), RTL Design, VHDL",M.Tech VLSI Design,Mid-level (3-6 yrs),4.5,ASIC Verification Certification,4.54,3.97,2.35,2.03,2.29,3.33
C0014,VLSI Engineer,"RTL Design, Digital Logic Design, CMOS Technology, Logic Synthesis, VHDL, Analog IC Design, Xilinx Vivado, Verilog, Semiconductor Physics, Synopsys Design Compiler",M.S. VLSI and Embedded Systems,Junior (1-3 yrs),1.1,ASIC Verification Certification,4.47,3.98,2.55,1.14,2.38,3.59
C0015,VLSI Engineer,"Cadence Virtuoso, Analog IC Design, CMOS Technology, Verilog, Xilinx Vivado, VHDL, Low Power Design, RTL Design, Digital Logic Design",M.S. VLSI and Embedded Systems,Junior (1-3 yrs),1.5,VLSI Design Certification (VSD/IIT),3.82,4.48,1.74,1.85,2.62,3.12
C0016,VLSI Engineer,"Verilog, ModelSim, SystemVerilog, Digital Logic Design, Physical Design, DFT (Design for Testability), RTL Design, Synopsys Design Compiler, VHDL, CMOS Technology",B.E./B.Tech Electronics and Communication Engineering,Entry-level (0-1 yrs / Fresher),0.9,ASIC Verification Certification,4.34,5.0,1.98,1.99,1.71,3.56
C0017,VLSI Engineer,"Digital Logic Design, Static Timing Analysis (STA), Low Power Design, RTL Design, VHDL, Physical Design, ModelSim, Place and Route, Timing Closure, Verilog, CMOS Technology",B.E. Electronics Engineering,Mid-level (3-6 yrs),5.0,VLSI Design Certification (VSD/IIT),3.84,4.07,1.85,2.18,2.03,3.49
C0018,VLSI Engineer,"Digital Logic Design, VHDL, Physical Design, Signal Integrity, Analog IC Design, Verilog, UVM Verification, Low Power Design, CMOS Technology, RTL Design",B.E. Electronics Engineering,Senior (6-10 yrs),7.8,None,3.19,4.35,2.63,1.64,2.12,3.03
C0019,VLSI Engineer,"Signal Integrity, FPGA Design, RTL Design, Semiconductor Physics, CMOS Technology, UVM Verification, Static Timing Analysis (STA), Cadence Virtuoso, VHDL, DFT (Design for Testability), Digital Logic Design, Timing Closure, Verilog",M.S. VLSI and Embedded Systems,Senior (6-10 yrs),7.0,VLSI Design Certification (VSD/IIT),4.52,3.9,2.52,1.34,2.44,4.01
C0020,VLSI Engineer,"Verilog, VHDL, RTL Design, ModelSim, CMOS Technology, Digital Logic Design, ASIC Design, Xilinx Vivado, Low Power Design, Semiconductor Physics, Timing Closure, DFT (Design for Testability), FPGA Design",M.Tech VLSI Design,Senior (6-10 yrs),7.8,None,4.07,4.13,2.08,1.35,2.33,3.73
C0021,VLSI Engineer,"Synopsys Design Compiler, Timing Closure, CMOS Technology, Verilog, UVM Verification, VHDL, DFT (Design for Testability), Logic Synthesis, Digital Logic Design, ASIC Design, RTL Design",B.E. Electronics Engineering,Senior (6-10 yrs),7.7,None,4.1,4.06,2.12,1.0,3.12,3.4
C0022,VLSI Engineer,"Signal Integrity, ModelSim, Verilog, CMOS Technology, Semiconductor Physics, RTL Design, VHDL, SystemVerilog, Digital Logic Design, Cadence Virtuoso, Analog IC Design, Physical Design, Synopsys Design Compiler",B.E. Electronics Engineering,Senior (6-10 yrs),8.9,None,4.88,3.86,1.15,1.61,1.81,2.98
C0023,VLSI Engineer,"FPGA Design, Low Power Design, Xilinx Vivado, Cadence Virtuoso, VHDL, RTL Design, Digital Logic Design, CMOS Technology, Verilog",M.S. VLSI and Embedded Systems,Mid-level (3-6 yrs),5.3,None,3.9,4.57,2.49,1.86,2.67,3.3
C0024,VLSI Engineer,"ASIC Design, CMOS Technology, DFT (Design for Testability), Static Timing Analysis (STA), Digital Logic Design, SystemVerilog, VHDL, RTL Design, Verilog",M.S. VLSI and Embedded Systems,Mid-level (3-6 yrs),5.3,None,3.09,3.76,1.86,1.12,2.48,3.6
C0025,VLSI Engineer,"SystemVerilog, Signal Integrity, Timing Closure, RTL Design, Verilog, Physical Design, Place and Route, Analog IC Design, CMOS Technology, VHDL, Digital Logic Design, Static Timing Analysis (STA), ASIC Design",B.E. Electronics Engineering,Entry-level (0-1 yrs / Fresher),0.5,ASIC Verification Certification,4.32,4.43,1.57,1.83,1.75,3.94
C0026,VLSI Engineer,"Digital Logic Design, Verilog, VHDL, RTL Design, CMOS Technology, Cadence Virtuoso, UVM Verification, Low Power Design, Semiconductor Physics, Synopsys Design Compiler, Analog IC Design, Logic Synthesis",B.E./B.Tech Electronics and Communication Engineering,Mid-level (3-6 yrs),5.6,None,3.9,3.88,1.82,1.48,1.95,3.31
C0027,VLSI Engineer,"Physical Design, Analog IC Design, RTL Design, Timing Closure, Logic Synthesis, VHDL, Cadence Virtuoso, Digital Logic Design, Place and Route, Verilog, Synopsys Design Compiler, CMOS Technology",M.S. VLSI and Embedded Systems,Senior (6-10 yrs),7.8,VLSI Design Certification (VSD/IIT),4.14,4.56,1.88,1.48,1.91,3.08
C0028,VLSI Engineer,"RTL Design, Semiconductor Physics, Verilog, Low Power Design, UVM Verification, Timing Closure, Synopsys Design Compiler, DFT (Design for Testability), Analog IC Design, Cadence Virtuoso, VHDL, Digital Logic Design, CMOS Technology",B.E. Electronics Engineering,Mid-level (3-6 yrs),5.9,None,3.79,4.76,1.8,2.39,2.39,3.39
C0029,VLSI Engineer,"Semiconductor Physics, Digital Logic Design, UVM Verification, RTL Design, CMOS Technology, Verilog, Place and Route, VHDL, Cadence Virtuoso",M.S. VLSI and Embedded Systems,Mid-level (3-6 yrs),3.6,VLSI Design Certification (VSD/IIT),3.89,5.0,2.11,1.9,1.78,3.33
C0030,VLSI Engineer,"Verilog, Cadence Virtuoso, RTL Design, Place and Route, Semiconductor Physics, ASIC Design, CMOS Technology, VHDL, Digital Logic Design",M.S. VLSI and Embedded Systems,Senior (6-10 yrs),7.2,None,3.71,4.92,1.49,1.38,2.56,3.21
C0031,VLSI Engineer,"Synopsys Design Compiler, FPGA Design, Timing Closure, CMOS Technology, Logic Synthesis, Digital Logic Design, Verilog, RTL Design, VHDL, Static Timing Analysis (STA)",M.Tech VLSI Design,Mid-level (3-6 yrs),5.1,None,4.16,4.53,1.94,2.51,1.69,2.91
C0032,VLSI Engineer,"Digital Logic Design, Static Timing Analysis (STA), Low Power Design, FPGA Design, UVM Verification, DFT (Design for Testability), Verilog, VHDL, RTL Design, CMOS Technology",M.S. VLSI and Embedded Systems,Mid-level (3-6 yrs),5.1,ASIC Verification Certification,3.43,4.4,2.1,1.86,1.98,3.45
C0033,VLSI Engineer,"RTL Design, DFT (Design for Testability), SystemVerilog, UVM Verification, Digital Logic Design, VHDL, FPGA Design, Place and Route, CMOS Technology, Verilog, Low Power Design",M.S. VLSI and Embedded Systems,Senior (6-10 yrs),9.9,None,3.69,4.69,1.62,1.11,2.0,3.84
C0034,VLSI Engineer,"Synopsys Design Compiler, RTL Design, Xilinx Vivado, Timing Closure, Digital Logic Design, CMOS Technology, Cadence Virtuoso, Verilog, ASIC Design, VHDL, Signal Integrity",B.E. Electronics Engineering,Senior (6-10 yrs),8.5,VLSI Design Certification (VSD/IIT),4.05,4.88,2.39,1.61,2.23,3.11
C0035,VLSI Engineer,"Verilog, ASIC Design, SystemVerilog, Synopsys Design Compiler, CMOS Technology, Logic Synthesis, DFT (Design for Testability), Xilinx Vivado, RTL Design, Physical Design, Place and Route, VHDL, Digital Logic Design",M.S. VLSI and Embedded Systems,Junior (1-3 yrs),1.9,None,3.23,5.0,1.18,1.76,2.51,3.06
C0036,VLSI Engineer,"Verilog, UVM Verification, VHDL, Low Power Design, Timing Closure, Analog IC Design, Digital Logic Design, RTL Design, Logic Synthesis, Cadence Virtuoso, SystemVerilog, CMOS Technology",M.S. VLSI and Embedded Systems,Mid-level (3-6 yrs),5.6,None,3.64,4.27,2.02,1.68,2.28,2.68
C0037,VLSI Engineer,"CMOS Technology, Cadence Virtuoso, RTL Design, Digital Logic Design, SystemVerilog, Place and Route, Verilog, FPGA Design, Logic Synthesis, ModelSim, VHDL, Signal Integrity",B.E./B.Tech Electronics and Communication Engineering,Senior (6-10 yrs),9.1,ASIC Verification Certification,3.58,4.92,1.54,1.17,2.78,2.67
C0038,VLSI Engineer,"RTL Design, Place and Route, Semiconductor Physics, Timing Closure, ASIC Design, UVM Verification, Verilog, ModelSim, VHDL, Digital Logic Design, CMOS Technology, Static Timing Analysis (STA)",B.E./B.Tech Electronics and Communication Engineering,Entry-level (0-1 yrs / Fresher),0.3,VLSI Design Certification (VSD/IIT),3.8,4.77,2.3,2.19,1.65,3.01
C0039,VLSI Engineer,"CMOS Technology, Verilog, FPGA Design, Synopsys Design Compiler, Place and Route, UVM Verification, VHDL, RTL Design, Signal Integrity, Digital Logic Design",M.S. VLSI and Embedded Systems,Mid-level (3-6 yrs),5.0,None,4.76,4.83,2.34,1.77,2.9,3.16
C0040,VLSI Engineer,"VHDL, Signal Integrity, Static Timing Analysis (STA), RTL Design, Digital Logic Design, ASIC Design, Verilog, Low Power Design, CMOS Technology, Place and Route, DFT (Design for Testability), Physical Design",M.S. VLSI and Embedded Systems,Mid-level (3-6 yrs),5.3,None,3.61,4.17,1.64,1.38,2.02,2.73
C0041,Electronics Engineer,"PCB Layout, PCB Design, MATLAB, Analog Electronics, Digital Electronics, Microcontrollers, Circuit Design, Soldering and Assembly, OrCAD",Diploma in Electronics Engineering,Senior (6-10 yrs),6.7,Embedded Systems Certification,4.29,2.9,1.59,2.25,2.07,3.24
C0042,Electronics Engineer,"Analog Electronics, Oscilloscope Testing, Signal Processing Basics, PCB Layout, Embedded C, Control Systems, Circuit Design, Circuit Simulation (SPICE), Soldering and Assembly, PCB Design, Digital Electronics",M.Tech Electronics,Mid-level (3-6 yrs),5.0,PCB Design Certification,3.46,3.32,2.08,1.83,2.11,3.09
C0043,Electronics Engineer,"Embedded C, PCB Layout, MATLAB, Eagle CAD, PCB Design, Multisim, OrCAD, Circuit Design, Digital Electronics, Analog Electronics, Oscilloscope Testing, Control Systems",B.E. Electrical and Electronics Engineering,Senior (6-10 yrs),7.8,None,3.55,3.36,2.34,1.52,2.38,2.52
C0044,Electronics Engineer,"PCB Layout, OrCAD, Circuit Design, Signal Processing Basics, Embedded C, Digital Electronics, Control Systems, Analog Electronics, Circuit Simulation (SPICE), PCB Design",Diploma in Electronics Engineering,Junior (1-3 yrs),2.9,None,4.33,3.85,1.22,1.08,2.44,3.11
C0045,Electronics Engineer,"Electromagnetics, Circuit Design, Power Electronics, Embedded C, Digital Electronics, Analog Electronics, Soldering and Assembly, Sensors and Actuators, PCB Design",Diploma in Electronics Engineering,Junior (1-3 yrs),3.0,PCB Design Certification,4.16,3.52,2.04,1.74,1.66,3.55
C0046,Electronics Engineer,"Power Electronics, PCB Layout, Digital Electronics, PCB Design, Circuit Design, Altium Designer, MATLAB, Microcontrollers, Soldering and Assembly, Eagle CAD, Sensors and Actuators, Analog Electronics",B.E./B.Tech Electronics and Communication Engineering,Mid-level (3-6 yrs),4.4,None,4.52,3.87,1.4,2.25,1.22,3.05
C0047,Electronics Engineer,"Circuit Design, PCB Design, Oscilloscope Testing, Signal Processing Basics, Altium Designer, Digital Electronics, Multisim, Analog Electronics",M.Tech Electronics,Senior (6-10 yrs),6.4,None,4.45,3.24,1.98,1.27,2.2,3.43
C0048,Electronics Engineer,"Signal Processing Basics, Circuit Design, Control Systems, Soldering and Assembly, Power Electronics, PCB Design, Digital Electronics, Analog Electronics, Multisim",M.Tech Electronics,Entry-level (0-1 yrs / Fresher),0.1,None,4.25,3.8,1.85,1.17,1.6,2.82
C0049,Electronics Engineer,"Circuit Design, PCB Design, Digital Electronics, Signal Processing Basics, Power Electronics, Embedded C, Electromagnetics, Analog Electronics, Multisim, Microcontrollers, PCB Layout, MATLAB",B.E. Electrical and Electronics Engineering,Entry-level (0-1 yrs / Fresher),0.4,PCB Design Certification,4.34,3.91,1.96,2.32,1.47,2.74
C0050,Electronics Engineer,"Eagle CAD, Digital Electronics, Circuit Simulation (SPICE), PCB Design, Altium Designer, MATLAB, Analog Electronics, Circuit Design, Multisim, Oscilloscope Testing, Microcontrollers, Electromagnetics",B.E./B.Tech Electronics and Communication Engineering,Entry-level (0-1 yrs / Fresher),0.7,Embedded Systems Certification,3.79,4.01,2.09,2.19,1.67,3.85
C0051,Electronics Engineer,"Oscilloscope Testing, PCB Layout, Embedded C, Circuit Design, Analog Electronics, Digital Electronics, PCB Design, Electromagnetics, Soldering and Assembly, Microcontrollers, Multisim, Altium Designer",B.E./B.Tech Electronics and Communication Engineering,Mid-level (3-6 yrs),5.0,None,3.76,3.64,2.11,3.03,2.35,3.09
C0052,Electronics Engineer,"Digital Electronics, Eagle CAD, Soldering and Assembly, Signal Processing Basics, Multisim, Electromagnetics, PCB Design, Circuit Design, Analog Electronics",B.E. Electrical and Electronics Engineering,Mid-level (3-6 yrs),3.2,None,3.69,3.87,2.21,2.06,1.73,3.18
C0053,Electronics Engineer,"Altium Designer, Oscilloscope Testing, Digital Electronics, PCB Design, Signal Processing Basics, Circuit Design, Multisim, Power Electronics, Analog Electronics, Embedded C, Microcontrollers",B.E./B.Tech Electronics and Communication Engineering,Senior (6-10 yrs),9.5,PCB Design Certification,4.22,4.38,2.4,2.16,1.84,2.95
C0054,Electronics Engineer,"PCB Design, Circuit Design, Altium Designer, Multisim, MATLAB, Soldering and Assembly, OrCAD, Circuit Simulation (SPICE), Digital Electronics, Analog Electronics",B.E. Electrical and Electronics Engineering,Senior (6-10 yrs),7.9,None,3.75,2.95,1.17,1.0,1.63,3.95
C0055,Electronics Engineer,"Control Systems, PCB Design, Analog Electronics, Embedded C, PCB Layout, Electromagnetics, Digital Electronics, Circuit Design, MATLAB, Eagle CAD",B.E./B.Tech Electronics and Communication Engineering,Entry-level (0-1 yrs / Fresher),0.4,PCB Design Certification,4.81,4.07,2.24,1.46,1.65,2.98
C0056,Electronics Engineer,"PCB Design, Control Systems, Embedded C, PCB Layout, OrCAD, Signal Processing Basics, Electromagnetics, Analog Electronics, Oscilloscope Testing, Circuit Design, Digital Electronics, MATLAB",M.Tech Electronics,Senior (6-10 yrs),8.1,Embedded Systems Certification,3.51,4.38,1.38,2.35,2.04,2.88
C0057,Electronics Engineer,"Signal Processing Basics, Embedded C, PCB Design, Analog Electronics, MATLAB, Circuit Design, Sensors and Actuators, Digital Electronics, Power Electronics, Altium Designer",M.Tech Electronics,Junior (1-3 yrs),2.2,None,3.96,4.06,2.09,1.19,1.74,2.34
C0058,Electronics Engineer,"Microcontrollers, Signal Processing Basics, Circuit Design, Soldering and Assembly, Sensors and Actuators, PCB Layout, Analog Electronics, Power Electronics, MATLAB, PCB Design, Digital Electronics, Altium Designer",B.E./B.Tech Electronics and Communication Engineering,Entry-level (0-1 yrs / Fresher),0.7,Embedded Systems Certification,3.91,3.57,2.16,2.46,1.49,2.39
C0059,Electronics Engineer,"Signal Processing Basics, Power Electronics, Circuit Design, Circuit Simulation (SPICE), Digital Electronics, Analog Electronics, Control Systems, PCB Design, MATLAB, Embedded C, OrCAD",M.Tech Electronics,Senior (6-10 yrs),9.1,None,3.68,3.69,2.04,2.13,1.46,2.5
C0060,Electronics Engineer,"Sensors and Actuators, PCB Design, Signal Processing Basics, Digital Electronics, Circuit Design, Multisim, Soldering and Assembly, Analog Electronics",Diploma in Electronics Engineering,Senior (6-10 yrs),9.6,Embedded Systems Certification,4.19,3.55,2.52,1.51,2.79,2.39
C0061,Electronics Engineer,"PCB Layout, Embedded C, Sensors and Actuators, Analog Electronics, Digital Electronics, Signal Processing Basics, OrCAD, Multisim, Circuit Design, PCB Design, Power Electronics",Diploma in Electronics Engineering,Senior (6-10 yrs),8.8,Embedded Systems Certification,4.12,3.25,1.25,1.32,2.38,3.03
C0062,Electronics Engineer,"Embedded C, Digital Electronics, Electromagnetics, OrCAD, PCB Design, Eagle CAD, Circuit Design, Analog Electronics, Soldering and Assembly",M.Tech Electronics,Entry-level (0-1 yrs / Fresher),0.6,Embedded Systems Certification,4.03,3.37,2.27,1.9,1.87,2.89
C0063,Electronics Engineer,"Circuit Simulation (SPICE), Digital Electronics, Analog Electronics, Embedded C, Soldering and Assembly, Sensors and Actuators, PCB Design, Circuit Design",B.E./B.Tech Electronics and Communication Engineering,Mid-level (3-6 yrs),5.4,PCB Design Certification,4.13,4.28,2.32,2.22,2.11,2.79
C0064,Electronics Engineer,"Control Systems, MATLAB, Analog Electronics, Multisim, PCB Design, Soldering and Assembly, Circuit Design, PCB Layout, Digital Electronics, Altium Designer",B.E./B.Tech Electronics and Communication Engineering,Junior (1-3 yrs),2.8,PCB Design Certification,4.54,3.5,2.4,1.87,2.09,3.67
C0065,Electronics Engineer,"Soldering and Assembly, Analog Electronics, Microcontrollers, Electromagnetics, PCB Design, Digital Electronics, Circuit Design, Oscilloscope Testing, Signal Processing Basics",M.Tech Electronics,Mid-level (3-6 yrs),5.9,None,3.96,3.34,1.99,1.6,2.47,3.21
C0066,Electronics Engineer,"Circuit Design, Eagle CAD, Digital Electronics, Analog Electronics, PCB Design, Sensors and Actuators, Embedded C, Multisim, Circuit Simulation (SPICE), Signal Processing Basics, Electromagnetics",Diploma in Electronics Engineering,Senior (6-10 yrs),6.2,PCB Design Certification,3.78,3.42,1.45,1.36,2.66,3.21
C0067,Electronics Engineer,"Sensors and Actuators, PCB Design, Circuit Simulation (SPICE), Microcontrollers, Electromagnetics, MATLAB, Analog Electronics, Circuit Design, Multisim, Altium Designer, Digital Electronics",B.E./B.Tech Electronics and Communication Engineering,Junior (1-3 yrs),2.4,PCB Design Certification,3.63,4.19,1.46,1.68,1.64,3.35
C0068,Electronics Engineer,"Microcontrollers, Analog Electronics, PCB Design, Altium Designer, Digital Electronics, Circuit Design, OrCAD, Circuit Simulation (SPICE), Control Systems",B.E. Electrical and Electronics Engineering,Mid-level (3-6 yrs),5.1,None,4.17,3.91,2.12,2.01,1.79,1.66
C0069,Electronics Engineer,"PCB Design, Multisim, Circuit Design, Analog Electronics, Eagle CAD, Sensors and Actuators, Embedded C, Electromagnetics, Digital Electronics, Circuit Simulation (SPICE)",B.E. Electrical and Electronics Engineering,Junior (1-3 yrs),2.6,None,3.77,4.1,1.0,2.13,2.67,3.6
C0070,Electronics Engineer,"Digital Electronics, Analog Electronics, Circuit Simulation (SPICE), Circuit Design, Power Electronics, PCB Design, Oscilloscope Testing, Soldering and Assembly",B.E./B.Tech Electronics and Communication Engineering,Senior (6-10 yrs),7.9,PCB Design Certification,4.62,4.24,1.39,1.73,2.12,2.79
C0071,Electronics Engineer,"Eagle CAD, Circuit Simulation (SPICE), Sensors and Actuators, Analog Electronics, Digital Electronics, Circuit Design, Multisim, Embedded C, Altium Designer, Oscilloscope Testing, PCB Design, Soldering and Assembly",B.E. Electrical and Electronics Engineering,Mid-level (3-6 yrs),4.8,None,3.86,3.7,2.12,1.82,1.75,2.46
C0072,Electronics Engineer,"Microcontrollers, Analog Electronics, Electromagnetics, Digital Electronics, MATLAB, Soldering and Assembly, Eagle CAD, Circuit Design, Oscilloscope Testing, Embedded C, PCB Design, Circuit Simulation (SPICE)",M.Tech Electronics,Junior (1-3 yrs),2.6,None,4.05,3.85,2.3,2.06,1.83,3.03
C0073,Electronics Engineer,"Circuit Simulation (SPICE), Eagle CAD, Soldering and Assembly, Digital Electronics, Circuit Design, PCB Design, Electromagnetics, Altium Designer, Analog Electronics, Power Electronics, PCB Layout, Signal Processing Basics",B.E. Electrical and Electronics Engineering,Entry-level (0-1 yrs / Fresher),0.1,None,4.37,3.39,2.74,1.7,2.46,2.14
C0074,Electronics Engineer,"Analog Electronics, Digital Electronics, Electromagnetics, Sensors and Actuators, PCB Design, Altium Designer, Circuit Design, PCB Layout, Power Electronics, Control Systems",Diploma in Electronics Engineering,Entry-level (0-1 yrs / Fresher),0.1,None,3.47,3.26,1.75,1.61,2.29,3.01
C0075,Electronics Engineer,"Power Electronics, Digital Electronics, Signal Processing Basics, Analog Electronics, Sensors and Actuators, Electromagnetics, PCB Design, Circuit Design, Circuit Simulation (SPICE)",B.E./B.Tech Electronics and Communication Engineering,Senior (6-10 yrs),8.0,PCB Design Certification,4.35,3.2,1.74,1.77,2.42,3.22
C0076,Electronics Engineer,"Electromagnetics, PCB Design, Circuit Simulation (SPICE), Digital Electronics, Analog Electronics, Sensors and Actuators, OrCAD, Circuit Design, Oscilloscope Testing, Altium Designer",B.E. Electrical and Electronics Engineering,Junior (1-3 yrs),1.7,PCB Design Certification,4.74,4.74,1.88,1.56,1.71,3.64
C0077,Electronics Engineer,"Circuit Simulation (SPICE), Eagle CAD, Microcontrollers, Soldering and Assembly, Digital Electronics, PCB Design, Control Systems, Circuit Design, Multisim, Oscilloscope Testing, Analog Electronics, Signal Processing Basics",M.Tech Electronics,Junior (1-3 yrs),2.0,None,4.46,4.18,2.85,2.09,2.16,3.05
C0078,Electronics Engineer,"Multisim, PCB Design, Digital Electronics, Power Electronics, Soldering and Assembly, Analog Electronics, Altium Designer, Circuit Design, Circuit Simulation (SPICE), OrCAD",M.Tech Electronics,Senior (6-10 yrs),7.3,Embedded Systems Certification,3.62,3.82,1.32,1.73,2.51,2.55
C0079,Electronics Engineer,"Circuit Design, Eagle CAD, PCB Layout, Digital Electronics, Electromagnetics, Analog Electronics, OrCAD, Sensors and Actuators, Multisim, PCB Design",Diploma in Electronics Engineering,Mid-level (3-6 yrs),3.4,None,4.42,3.46,1.51,2.47,2.17,3.09
C0080,Electronics Engineer,"Circuit Design, Control Systems, Digital Electronics, MATLAB, Analog Electronics, PCB Design, PCB Layout, Circuit Simulation (SPICE)",Diploma in Electronics Engineering,Junior (1-3 yrs),1.2,Embedded Systems Certification,4.13,4.29,1.34,1.79,2.49,3.13
C0081,Embedded Systems Engineer,"Microcontroller Programming, Embedded C, C++, Device Drivers, Embedded Linux, RTOS (FreeRTOS/VxWorks), Yocto Project, ARM Cortex-M/A, Assembly Language, I2C/SPI/UART Protocols, Git",B.E./B.Tech Electronics and Communication Engineering,Junior (1-3 yrs),2.1,ARM Accredited Engineer,3.91,3.87,1.98,1.73,3.6,2.74
C0082,Embedded Systems Engineer,"I2C/SPI/UART Protocols, Bootloader Development, Embedded C, Yocto Project, Interrupt Handling, ARM Cortex-M/A, RTOS (FreeRTOS/VxWorks), Board Bring-up, Microcontroller Programming, C++, Git",M.Tech Embedded Systems,Junior (1-3 yrs),2.6,Embedded Linux Certification,3.93,4.38,1.79,2.16,2.34,2.69
C0083,Embedded Systems Engineer,"Real-Time Systems Design, Git, Embedded Linux, Embedded C, Bare-metal Programming, I2C/SPI/UART Protocols, ARM Cortex-M/A, Interrupt Handling, RTOS (FreeRTOS/VxWorks), Keil/IAR Embedded Workbench, JTAG Debugging, Microcontroller Programming",B.E. Computer Science Engineering,Senior (6-10 yrs),9.0,Embedded Linux Certification,3.49,4.61,2.38,1.94,2.35,3.27
C0084,Embedded Systems Engineer,"Microcontroller Programming, I2C/SPI/UART Protocols, ARM Cortex-M/A, Bare-metal Programming, RTOS (FreeRTOS/VxWorks), Embedded C, Bootloader Development, Board Bring-up",B.E. Computer Science Engineering,Junior (1-3 yrs),2.0,None,3.69,3.45,1.36,2.15,1.91,3.49
C0085,Embedded Systems Engineer,"Microcontroller Programming, ARM Cortex-M/A, Embedded Linux, Embedded C, RTOS (FreeRTOS/VxWorks), JTAG Debugging, Git, Interrupt Handling, Device Drivers",B.E./B.Tech Electronics and Communication Engineering,Junior (1-3 yrs),2.1,None,4.1,4.67,1.24,2.12,2.3,2.95
C0086,Embedded Systems Engineer,"Microcontroller Programming, Yocto Project, C++, RTOS (FreeRTOS/VxWorks), ARM Cortex-M/A, Bare-metal Programming, Git, Board Bring-up, Real-Time Systems Design, I2C/SPI/UART Protocols, Embedded C, Assembly Language",B.E./B.Tech Electronics and Communication Engineering,Entry-level (0-1 yrs / Fresher),0.4,ARM Accredited Engineer,3.56,3.96,2.72,1.18,2.08,3.46
C0087,Embedded Systems Engineer,"Microcontroller Programming, RTOS (FreeRTOS/VxWorks), Embedded C, Git, Embedded Linux, Yocto Project, ARM Cortex-M/A, I2C/SPI/UART Protocols, Real-Time Systems Design",M.Tech Embedded Systems,Entry-level (0-1 yrs / Fresher),0.2,None,3.07,3.88,1.81,1.93,2.73,3.45
C0088,Embedded Systems Engineer,"Keil/IAR Embedded Workbench, RTOS (FreeRTOS/VxWorks), Assembly Language, JTAG Debugging, Board Bring-up, Yocto Project, I2C/SPI/UART Protocols, Real-Time Systems Design, Embedded C, Microcontroller Programming, ARM Cortex-M/A, Bare-metal Programming",B.E./B.Tech Electronics and Communication Engineering,Senior (6-10 yrs),8.4,ARM Accredited Engineer,3.7,4.12,1.34,2.09,2.42,2.71
C0089,Embedded Systems Engineer,"Embedded C, Yocto Project, ARM Cortex-M/A, Assembly Language, JTAG Debugging, RTOS (FreeRTOS/VxWorks), Microcontroller Programming, Interrupt Handling, Bootloader Development",M.Tech Embedded Systems,Entry-level (0-1 yrs / Fresher),0.6,None,3.4,3.7,1.0,1.93,2.96,3.19
C0090,Embedded Systems Engineer,"RTOS (FreeRTOS/VxWorks), Logic Analyzer Usage, Embedded C, Embedded Linux, Microcontroller Programming, Yocto Project, Bare-metal Programming, Keil/IAR Embedded Workbench, Bootloader Development, ARM Cortex-M/A, Git, I2C/SPI/UART Protocols",B.E. Electrical and Electronics Engineering,Junior (1-3 yrs),1.8,Embedded Linux Certification,3.87,4.55,2.48,1.54,2.94,3.75
C0091,Embedded Systems Engineer,"RTOS (FreeRTOS/VxWorks), Interrupt Handling, ARM Cortex-M/A, Bare-metal Programming, Bootloader Development, C++, Embedded Linux, Microcontroller Programming, Embedded C",M.Tech Embedded Systems,Mid-level (3-6 yrs),5.9,ARM Accredited Engineer,3.76,4.25,1.76,1.24,2.42,2.51
C0092,Embedded Systems Engineer,"Bare-metal Programming, Microcontroller Programming, Embedded C, Keil/IAR Embedded Workbench, ARM Cortex-M/A, Git, RTOS (FreeRTOS/VxWorks), Bootloader Development, Yocto Project, JTAG Debugging, Assembly Language, Logic Analyzer Usage",M.Tech Embedded Systems,Junior (1-3 yrs),1.7,None,4.47,4.23,1.8,1.83,1.9,3.23
C0093,Embedded Systems Engineer,"RTOS (FreeRTOS/VxWorks), Microcontroller Programming, Embedded C, Embedded Linux, Bare-metal Programming, ARM Cortex-M/A, JTAG Debugging, Bootloader Development, I2C/SPI/UART Protocols, Git, Keil/IAR Embedded Workbench",B.E. Computer Science Engineering,Junior (1-3 yrs),2.4,None,4.04,4.77,2.8,1.84,1.64,3.29
C0094,Embedded Systems Engineer,"Logic Analyzer Usage, ARM Cortex-M/A, RTOS (FreeRTOS/VxWorks), Embedded C, Git, Embedded Linux, Microcontroller Programming, C++",B.E./B.Tech Electronics and Communication Engineering,Junior (1-3 yrs),2.0,Embedded Linux Certification,4.23,4.21,2.61,1.54,2.36,3.34
C0095,Embedded Systems Engineer,"Embedded Linux, ARM Cortex-M/A, Bootloader Development, Bare-metal Programming, Git, Assembly Language, Interrupt Handling, Microcontroller Programming, RTOS (FreeRTOS/VxWorks), C++, Real-Time Systems Design, Embedded C",M.Tech Embedded Systems,Mid-level (3-6 yrs),5.4,ARM Accredited Engineer,3.41,4.29,1.0,1.42,2.49,4.0
C0096,Embedded Systems Engineer,"C++, RTOS (FreeRTOS/VxWorks), Embedded C, Embedded Linux, Logic Analyzer Usage, Real-Time Systems Design, ARM Cortex-M/A, Microcontroller Programming",B.E. Computer Science Engineering,Entry-level (0-1 yrs / Fresher),0.5,None,3.48,3.72,2.87,1.75,3.11,2.85
C0097,Embedded Systems Engineer,"Board Bring-up, Microcontroller Programming, ARM Cortex-M/A, Yocto Project, RTOS (FreeRTOS/VxWorks), Logic Analyzer Usage, Interrupt Handling, Embedded C, JTAG Debugging",B.E./B.Tech Electronics and Communication Engineering,Junior (1-3 yrs),2.2,None,4.0,3.85,1.32,1.7,2.75,2.91
C0098,Embedded Systems Engineer,"Device Drivers, Real-Time Systems Design, Yocto Project, I2C/SPI/UART Protocols, Bare-metal Programming, Keil/IAR Embedded Workbench, RTOS (FreeRTOS/VxWorks), Assembly Language, ARM Cortex-M/A, Git, Microcontroller Programming, Embedded C",M.Tech Embedded Systems,Senior (6-10 yrs),8.0,Embedded Linux Certification,3.33,3.87,2.01,2.39,1.9,3.87
C0099,Embedded Systems Engineer,"Microcontroller Programming, Real-Time Systems Design, Embedded C, Git, Device Drivers, ARM Cortex-M/A, JTAG Debugging, Bootloader Development, Yocto Project, RTOS (FreeRTOS/VxWorks)",B.E./B.Tech Electronics and Communication Engineering,Mid-level (3-6 yrs),4.3,Embedded Linux Certification,3.84,4.1,1.34,2.11,2.21,3.39
C0100,Embedded Systems Engineer,"Keil/IAR Embedded Workbench, Interrupt Handling, Microcontroller Programming, RTOS (FreeRTOS/VxWorks), Embedded C, ARM Cortex-M/A, Device Drivers, Assembly Language",B.E./B.Tech Electronics and Communication Engineering,Junior (1-3 yrs),2.1,None,3.6,3.78,1.76,2.21,2.55,3.59
C0101,Embedded Systems Engineer,"Board Bring-up, Bare-metal Programming, Bootloader Development, RTOS (FreeRTOS/VxWorks), Microcontroller Programming, Embedded C, Keil/IAR Embedded Workbench, Logic Analyzer Usage, Device Drivers, ARM Cortex-M/A",M.Tech Embedded Systems,Senior (6-10 yrs),9.2,Embedded Linux Certification,3.31,4.16,2.06,1.38,2.12,3.21
C0102,Embedded Systems Engineer,"Microcontroller Programming, Yocto Project, Embedded C, Bare-metal Programming, Board Bring-up, RTOS (FreeRTOS/VxWorks), I2C/SPI/UART Protocols, JTAG Debugging, ARM Cortex-M/A, Keil/IAR Embedded Workbench, Real-Time Systems Design, Bootloader Development",B.E. Computer Science Engineering,Entry-level (0-1 yrs / Fresher),1.0,None,3.96,3.9,2.02,1.18,3.1,3.73
C0103,Embedded Systems Engineer,"Real-Time Systems Design, Microcontroller Programming, JTAG Debugging, Board Bring-up, Embedded Linux, ARM Cortex-M/A, Embedded C, Bootloader Development, I2C/SPI/UART Protocols, RTOS (FreeRTOS/VxWorks), Yocto Project",B.E. Electrical and Electronics Engineering,Entry-level (0-1 yrs / Fresher),0.8,Embedded Linux Certification,3.48,3.3,1.06,1.41,2.63,3.59
C0104,Embedded Systems Engineer,"ARM Cortex-M/A, Bare-metal Programming, I2C/SPI/UART Protocols, C++, RTOS (FreeRTOS/VxWorks), Git, Embedded C, Microcontroller Programming, Interrupt Handling, Embedded Linux",B.E. Electrical and Electronics Engineering,Mid-level (3-6 yrs),4.2,None,3.65,4.07,2.13,2.15,2.59,3.35
C0105,Embedded Systems Engineer,"Keil/IAR Embedded Workbench, Microcontroller Programming, Real-Time Systems Design, Bootloader Development, Embedded C, ARM Cortex-M/A, RTOS (FreeRTOS/VxWorks), Board Bring-up, JTAG Debugging",M.Tech Embedded Systems,Entry-level (0-1 yrs / Fresher),0.3,ARM Accredited Engineer,4.06,4.05,2.35,2.36,2.99,3.12
C0106,Embedded Systems Engineer,"Assembly Language, Logic Analyzer Usage, Keil/IAR Embedded Workbench, Microcontroller Programming, I2C/SPI/UART Protocols, Embedded C, ARM Cortex-M/A, JTAG Debugging, Bare-metal Programming, RTOS (FreeRTOS/VxWorks), Board Bring-up, Real-Time Systems Design",B.E. Electrical and Electronics Engineering,Entry-level (0-1 yrs / Fresher),0.7,None,3.59,4.61,1.95,1.4,2.55,2.93
C0107,Embedded Systems Engineer,"Git, RTOS (FreeRTOS/VxWorks), Microcontroller Programming, Embedded C, Device Drivers, ARM Cortex-M/A, Keil/IAR Embedded Workbench, Board Bring-up, JTAG Debugging, Bootloader Development",B.E. Electrical and Electronics Engineering,Junior (1-3 yrs),2.6,Embedded Linux Certification,4.17,3.74,1.64,1.59,2.41,3.6
C0108,Embedded Systems Engineer,"I2C/SPI/UART Protocols, Embedded C, Interrupt Handling, Bare-metal Programming, Yocto Project, ARM Cortex-M/A, Microcontroller Programming, Real-Time Systems Design, Assembly Language, RTOS (FreeRTOS/VxWorks)",B.E. Electrical and Electronics Engineering,Mid-level (3-6 yrs),3.4,Embedded Linux Certification,4.0,3.53,2.45,1.16,2.14,3.43
C0109,Embedded Systems Engineer,"ARM Cortex-M/A, Embedded Linux, Real-Time Systems Design, Bare-metal Programming, Yocto Project, Embedded C, Assembly Language, Microcontroller Programming, RTOS (FreeRTOS/VxWorks), Git, Board Bring-up",B.E. Computer Science Engineering,Mid-level (3-6 yrs),3.5,None,3.07,3.72,1.32,1.91,2.12,3.26
C0110,Embedded Systems Engineer,"Board Bring-up, Assembly Language, Bare-metal Programming, C++, Keil/IAR Embedded Workbench, RTOS (FreeRTOS/VxWorks), Git, Embedded C, Logic Analyzer Usage, ARM Cortex-M/A, JTAG Debugging, Microcontroller Programming",B.E. Computer Science Engineering,Junior (1-3 yrs),2.6,Embedded Linux Certification,4.05,3.58,1.3,2.14,2.56,2.68
C0111,Embedded Systems Engineer,"Embedded C, Microcontroller Programming, ARM Cortex-M/A, Interrupt Handling, Assembly Language, Keil/IAR Embedded Workbench, Bootloader Development, RTOS (FreeRTOS/VxWorks)",B.E./B.Tech Electronics and Communication Engineering,Junior (1-3 yrs),2.9,None,4.79,3.39,1.94,1.75,2.6,3.17
C0112,Embedded Systems Engineer,"JTAG Debugging, Board Bring-up, Microcontroller Programming, Bare-metal Programming, Embedded C, Embedded Linux, ARM Cortex-M/A, Git, Logic Analyzer Usage, RTOS (FreeRTOS/VxWorks)",M.Tech Embedded Systems,Senior (6-10 yrs),9.8,Embedded Linux Certification,3.0,3.6,1.9,1.76,2.96,3.3
C0113,Embedded Systems Engineer,"Microcontroller Programming, Embedded C, Bare-metal Programming, Logic Analyzer Usage, Device Drivers, JTAG Debugging, RTOS (FreeRTOS/VxWorks), Assembly Language, ARM Cortex-M/A, Git",B.E. Electrical and Electronics Engineering,Mid-level (3-6 yrs),5.7,ARM Accredited Engineer,4.24,4.16,1.84,1.84,2.61,3.3
C0114,Embedded Systems Engineer,"ARM Cortex-M/A, I2C/SPI/UART Protocols, Yocto Project, JTAG Debugging, Bootloader Development, RTOS (FreeRTOS/VxWorks), Embedded C, Embedded Linux, Bare-metal Programming, Microcontroller Programming, C++",B.E. Computer Science Engineering,Senior (6-10 yrs),8.6,ARM Accredited Engineer,4.16,4.0,1.99,2.11,2.38,3.35
C0115,Embedded Systems Engineer,"I2C/SPI/UART Protocols, RTOS (FreeRTOS/VxWorks), Board Bring-up, Logic Analyzer Usage, Yocto Project, Device Drivers, Embedded C, Bare-metal Programming, ARM Cortex-M/A, Microcontroller Programming",M.Tech Embedded Systems,Junior (1-3 yrs),1.8,None,3.32,3.53,2.27,2.11,2.22,3.25
C0116,Embedded Systems Engineer,"I2C/SPI/UART Protocols, Yocto Project, RTOS (FreeRTOS/VxWorks), JTAG Debugging, Microcontroller Programming, Embedded Linux, Embedded C, ARM Cortex-M/A, Real-Time Systems Design, Bare-metal Programming",M.Tech Embedded Systems,Senior (6-10 yrs),7.3,None,3.71,4.58,1.81,2.44,2.34,3.08
C0117,Embedded Systems Engineer,"Embedded C, Bootloader Development, RTOS (FreeRTOS/VxWorks), Microcontroller Programming, Real-Time Systems Design, Embedded Linux, Logic Analyzer Usage, ARM Cortex-M/A",M.Tech Embedded Systems,Entry-level (0-1 yrs / Fresher),0.8,None,3.5,4.01,1.26,1.9,1.31,3.2
C0118,Embedded Systems Engineer,"Microcontroller Programming, Yocto Project, Bare-metal Programming, Real-Time Systems Design, Embedded C, ARM Cortex-M/A, I2C/SPI/UART Protocols, RTOS (FreeRTOS/VxWorks), Interrupt Handling, Keil/IAR Embedded Workbench",B.E./B.Tech Electronics and Communication Engineering,Mid-level (3-6 yrs),3.6,ARM Accredited Engineer,4.08,3.87,1.66,2.52,2.45,2.98
C0119,Embedded Systems Engineer,"Git, Embedded C, Embedded Linux, RTOS (FreeRTOS/VxWorks), I2C/SPI/UART Protocols, Interrupt Handling, Assembly Language, ARM Cortex-M/A, Bootloader Development, Device Drivers, Microcontroller Programming",M.Tech Embedded Systems,Senior (6-10 yrs),8.9,None,3.86,4.06,1.4,2.08,2.13,3.18
C0120,Embedded Systems Engineer,"ARM Cortex-M/A, Microcontroller Programming, Embedded C, Yocto Project, C++, Device Drivers, Logic Analyzer Usage, I2C/SPI/UART Protocols, RTOS (FreeRTOS/VxWorks)",B.E. Computer Science Engineering,Mid-level (3-6 yrs),5.2,ARM Accredited Engineer,3.71,3.9,1.91,1.6,2.98,3.65
C0121,IoT Engineer,"CoAP Protocol, IoT Security, ESP32/ESP8266, Embedded C, Arduino, Data Telemetry and Analytics, Edge Computing, Wi-Fi Protocols, MQTT Protocol, BLE (Bluetooth Low Energy), Sensor Integration, Azure IoT Hub",B.E. Computer Science Engineering,Entry-level (0-1 yrs / Fresher),0.5,None,3.72,3.88,2.2,2.17,3.11,2.4
C0122,IoT Engineer,"ESP32/ESP8266, Sensor Integration, Zigbee, AWS IoT Core, Embedded C, Python, Azure IoT Hub, LoRaWAN, Wi-Fi Protocols, CoAP Protocol, MQTT Protocol",B.Tech Information Technology,Entry-level (0-1 yrs / Fresher),0.9,Cisco IoT Fundamentals,3.55,3.66,2.48,2.43,2.67,3.24
C0123,IoT Engineer,"Azure IoT Hub, Data Telemetry and Analytics, Node-RED, MQTT Protocol, Wi-Fi Protocols, Zigbee, Embedded C, Sensor Integration, ESP32/ESP8266, CoAP Protocol",B.E./B.Tech Electronics and Communication Engineering,Mid-level (3-6 yrs),3.0,None,3.88,3.48,2.49,2.5,2.93,3.46
C0124,IoT Engineer,"Python, Raspberry Pi, Data Telemetry and Analytics, Sensor Integration, ESP32/ESP8266, LoRaWAN, MQTT Protocol, Embedded C",B.E./B.Tech Electronics and Communication Engineering,Junior (1-3 yrs),2.3,None,3.96,4.23,1.15,2.61,2.93,3.31
C0125,IoT Engineer,"Wi-Fi Protocols, Sensor Integration, Data Telemetry and Analytics, IoT Security, Python, MQTT Protocol, Embedded C, ESP32/ESP8266, Device Provisioning, CoAP Protocol",B.E. Computer Science Engineering,Senior (6-10 yrs),7.9,None,3.77,4.26,2.16,1.76,2.14,3.18
C0126,IoT Engineer,"Wi-Fi Protocols, ESP32/ESP8266, Device Provisioning, LoRaWAN, REST APIs, Sensor Integration, MQTT Protocol, Embedded C",M.Tech IoT and Sensor Systems,Senior (6-10 yrs),8.1,Cisco IoT Fundamentals,3.42,5.0,2.5,2.28,2.27,3.2
C0127,IoT Engineer,"Raspberry Pi, Sensor Integration, ESP32/ESP8266, Zigbee, Azure IoT Hub, BLE (Bluetooth Low Energy), Device Provisioning, Embedded C, MQTT Protocol",B.E./B.Tech Electronics and Communication Engineering,Mid-level (3-6 yrs),5.8,AWS IoT Certification,3.64,4.02,2.45,1.95,3.5,3.63
C0128,IoT Engineer,"Sensor Integration, BLE (Bluetooth Low Energy), Zigbee, MQTT Protocol, Arduino, ESP32/ESP8266, Embedded C, CoAP Protocol, Node-RED, Azure IoT Hub",B.E. Computer Science Engineering,Mid-level (3-6 yrs),3.8,None,4.04,4.12,2.11,2.53,2.47,3.27
C0129,IoT Engineer,"ESP32/ESP8266, Embedded C, Sensor Integration, Data Telemetry and Analytics, BLE (Bluetooth Low Energy), LoRaWAN, MQTT Protocol, AWS IoT Core",B.Tech Information Technology,Mid-level (3-6 yrs),4.4,None,3.21,4.43,1.96,2.49,3.43,3.09
C0130,IoT Engineer,"ESP32/ESP8266, Sensor Integration, Embedded C, Azure IoT Hub, MQTT Protocol, Edge Computing, Device Provisioning, Arduino",B.E. Computer Science Engineering,Mid-level (3-6 yrs),4.6,AWS IoT Certification,3.59,3.03,1.09,1.68,2.18,3.6
C0131,IoT Engineer,"ESP32/ESP8266, Data Telemetry and Analytics, Wi-Fi Protocols, MQTT Protocol, Sensor Integration, Node-RED, Python, Embedded C, Zigbee",B.Tech Information Technology,Mid-level (3-6 yrs),3.5,AWS IoT Certification,3.75,4.16,2.2,2.68,3.79,3.0
C0132,IoT Engineer,"ESP32/ESP8266, Wi-Fi Protocols, Sensor Integration, BLE (Bluetooth Low Energy), Python, LoRaWAN, MQTT Protocol, CoAP Protocol, Embedded C",B.E./B.Tech Electronics and Communication Engineering,Mid-level (3-6 yrs),5.1,None,3.19,3.81,1.62,3.18,2.85,2.57
C0133,IoT Engineer,"Wi-Fi Protocols, REST APIs, Embedded C, MQTT Protocol, Edge Computing, BLE (Bluetooth Low Energy), IoT Security, Python, Sensor Integration, Node-RED, ESP32/ESP8266",B.Tech Information Technology,Entry-level (0-1 yrs / Fresher),0.2,Cisco IoT Fundamentals,4.42,3.5,2.19,2.71,3.1,2.91
C0134,IoT Engineer,"Azure IoT Hub, BLE (Bluetooth Low Energy), Embedded C, ESP32/ESP8266, Sensor Integration, Wi-Fi Protocols, CoAP Protocol, MQTT Protocol",B.E. Computer Science Engineering,Junior (1-3 yrs),2.4,Cisco IoT Fundamentals,3.49,4.19,2.5,2.2,2.78,1.95
C0135,IoT Engineer,"AWS IoT Core, MQTT Protocol, Data Telemetry and Analytics, Raspberry Pi, CoAP Protocol, Embedded C, Edge Computing, Sensor Integration, ESP32/ESP8266, IoT Security, Wi-Fi Protocols",M.Tech IoT and Sensor Systems,Entry-level (0-1 yrs / Fresher),0.1,None,3.68,3.85,2.95,2.63,3.26,2.95
C0136,IoT Engineer,"Node-RED, Arduino, REST APIs, Device Provisioning, Data Telemetry and Analytics, AWS IoT Core, BLE (Bluetooth Low Energy), ESP32/ESP8266, Python, MQTT Protocol, Embedded C, Sensor Integration",M.Tech IoT and Sensor Systems,Junior (1-3 yrs),1.2,None,2.81,3.67,2.32,2.51,2.6,3.15
C0137,IoT Engineer,"CoAP Protocol, LoRaWAN, BLE (Bluetooth Low Energy), Embedded C, Sensor Integration, Zigbee, ESP32/ESP8266, IoT Security, Raspberry Pi, Data Telemetry and Analytics, MQTT Protocol, Arduino",B.E. Computer Science Engineering,Mid-level (3-6 yrs),5.7,Cisco IoT Fundamentals,3.55,4.11,1.81,2.32,3.17,2.56
C0138,IoT Engineer,"Raspberry Pi, MQTT Protocol, Sensor Integration, Edge Computing, Wi-Fi Protocols, Embedded C, Zigbee, ESP32/ESP8266, REST APIs",B.E. Computer Science Engineering,Senior (6-10 yrs),7.2,None,4.02,3.64,1.24,2.19,3.09,2.43
C0139,IoT Engineer,"ESP32/ESP8266, Zigbee, LoRaWAN, Node-RED, Azure IoT Hub, Raspberry Pi, BLE (Bluetooth Low Energy), Python, MQTT Protocol, Device Provisioning, Embedded C, Sensor Integration",B.E./B.Tech Electronics and Communication Engineering,Senior (6-10 yrs),8.2,Cisco IoT Fundamentals,3.8,3.62,2.15,2.17,2.74,2.49
C0140,IoT Engineer,"Embedded C, AWS IoT Core, Node-RED, ESP32/ESP8266, Sensor Integration, IoT Security, BLE (Bluetooth Low Energy), Zigbee, Python, REST APIs, MQTT Protocol",B.Tech Information Technology,Senior (6-10 yrs),6.1,Cisco IoT Fundamentals,3.04,4.32,1.93,1.83,2.25,3.5
C0141,IoT Engineer,"ESP32/ESP8266, Wi-Fi Protocols, MQTT Protocol, Raspberry Pi, LoRaWAN, Sensor Integration, Azure IoT Hub, Python, Embedded C",B.E. Computer Science Engineering,Junior (1-3 yrs),1.6,None,3.55,3.65,2.03,1.66,3.27,3.23
C0142,IoT Engineer,"Wi-Fi Protocols, Sensor Integration, ESP32/ESP8266, Embedded C, Device Provisioning, IoT Security, BLE (Bluetooth Low Energy), Edge Computing, Arduino, Data Telemetry and Analytics, MQTT Protocol",B.E. Computer Science Engineering,Entry-level (0-1 yrs / Fresher),0.2,None,3.86,4.12,2.22,2.56,2.51,3.09
C0143,IoT Engineer,"Zigbee, Embedded C, Wi-Fi Protocols, Sensor Integration, Arduino, ESP32/ESP8266, MQTT Protocol, Azure IoT Hub",M.Tech IoT and Sensor Systems,Entry-level (0-1 yrs / Fresher),0.3,None,4.25,4.24,2.15,1.93,2.95,3.28
C0144,IoT Engineer,"Sensor Integration, Edge Computing, ESP32/ESP8266, Arduino, AWS IoT Core, REST APIs, MQTT Protocol, Data Telemetry and Analytics, Embedded C",M.Tech IoT and Sensor Systems,Mid-level (3-6 yrs),4.3,None,3.76,3.64,2.17,2.53,2.35,2.93
C0145,IoT Engineer,"Embedded C, ESP32/ESP8266, Wi-Fi Protocols, LoRaWAN, Arduino, Edge Computing, Sensor Integration, IoT Security, REST APIs, MQTT Protocol, Node-RED, Zigbee",B.E. Computer Science Engineering,Junior (1-3 yrs),2.0,None,4.08,3.57,2.27,1.69,2.58,2.49
C0146,IoT Engineer,"Sensor Integration, Data Telemetry and Analytics, AWS IoT Core, MQTT Protocol, Embedded C, LoRaWAN, ESP32/ESP8266, CoAP Protocol",B.Tech Information Technology,Mid-level (3-6 yrs),4.5,None,3.94,3.31,2.18,2.36,3.11,3.22
C0147,IoT Engineer,"CoAP Protocol, MQTT Protocol, Embedded C, ESP32/ESP8266, Zigbee, IoT Security, Sensor Integration, Raspberry Pi, REST APIs, Data Telemetry and Analytics, Wi-Fi Protocols, Device Provisioning",B.E./B.Tech Electronics and Communication Engineering,Entry-level (0-1 yrs / Fresher),0.5,None,2.7,4.0,1.85,2.43,3.64,3.26
C0148,IoT Engineer,"ESP32/ESP8266, Azure IoT Hub, AWS IoT Core, Embedded C, MQTT Protocol, Node-RED, Data Telemetry and Analytics, Wi-Fi Protocols, Sensor Integration",B.E. Computer Science Engineering,Mid-level (3-6 yrs),4.9,AWS IoT Certification,3.24,4.08,2.18,1.68,3.28,3.59
C0149,IoT Engineer,"MQTT Protocol, Sensor Integration, Embedded C, LoRaWAN, Node-RED, REST APIs, ESP32/ESP8266, AWS IoT Core",B.E. Computer Science Engineering,Mid-level (3-6 yrs),5.9,Cisco IoT Fundamentals,3.52,3.51,2.14,2.2,2.87,2.72
C0150,IoT Engineer,"BLE (Bluetooth Low Energy), ESP32/ESP8266, AWS IoT Core, Data Telemetry and Analytics, Edge Computing, Embedded C, Raspberry Pi, MQTT Protocol, Sensor Integration, Node-RED",B.Tech Information Technology,Junior (1-3 yrs),1.7,None,3.34,4.2,2.95,1.91,2.66,3.16
C0151,IoT Engineer,"AWS IoT Core, Node-RED, Arduino, ESP32/ESP8266, Embedded C, Python, Edge Computing, MQTT Protocol, Sensor Integration",B.E./B.Tech Electronics and Communication Engineering,Entry-level (0-1 yrs / Fresher),0.7,AWS IoT Certification,3.69,4.06,1.91,2.27,2.89,3.62
C0152,IoT Engineer,"LoRaWAN, Sensor Integration, Embedded C, ESP32/ESP8266, MQTT Protocol, AWS IoT Core, REST APIs, Arduino, Raspberry Pi",M.Tech IoT and Sensor Systems,Entry-level (0-1 yrs / Fresher),0.8,None,3.58,4.25,2.06,2.69,3.09,3.6
C0153,IoT Engineer,"Zigbee, MQTT Protocol, Sensor Integration, Wi-Fi Protocols, Edge Computing, Device Provisioning, Azure IoT Hub, Embedded C, ESP32/ESP8266, Arduino",B.E. Computer Science Engineering,Entry-level (0-1 yrs / Fresher),0.8,AWS IoT Certification,3.47,3.82,2.09,2.49,3.23,2.98
C0154,IoT Engineer,"ESP32/ESP8266, Raspberry Pi, Sensor Integration, BLE (Bluetooth Low Energy), LoRaWAN, Arduino, Embedded C, MQTT Protocol, IoT Security, Data Telemetry and Analytics, Wi-Fi Protocols",M.Tech IoT and Sensor Systems,Mid-level (3-6 yrs),5.7,Cisco IoT Fundamentals,3.63,3.88,2.2,1.97,2.07,3.6
C0155,IoT Engineer,"Azure IoT Hub, ESP32/ESP8266, Device Provisioning, AWS IoT Core, Embedded C, IoT Security, Python, REST APIs, MQTT Protocol, Sensor Integration",B.Tech Information Technology,Senior (6-10 yrs),6.7,None,3.6,3.46,2.64,1.57,2.78,2.17
C0156,IoT Engineer,"AWS IoT Core, Azure IoT Hub, MQTT Protocol, Arduino, Data Telemetry and Analytics, Sensor Integration, CoAP Protocol, ESP32/ESP8266, Embedded C, Raspberry Pi, LoRaWAN",B.Tech Information Technology,Mid-level (3-6 yrs),5.0,None,3.95,4.6,2.53,1.85,3.83,3.07
C0157,IoT Engineer,"MQTT Protocol, Sensor Integration, CoAP Protocol, Azure IoT Hub, BLE (Bluetooth Low Energy), Zigbee, Wi-Fi Protocols, ESP32/ESP8266, Raspberry Pi, Embedded C, Data Telemetry and Analytics, IoT Security",B.Tech Information Technology,Senior (6-10 yrs),9.2,None,3.9,4.25,1.65,3.23,2.9,2.92
C0158,IoT Engineer,"Node-RED, Embedded C, MQTT Protocol, Sensor Integration, Data Telemetry and Analytics, Edge Computing, Arduino, ESP32/ESP8266, CoAP Protocol, IoT Security, Raspberry Pi",B.E. Computer Science Engineering,Senior (6-10 yrs),7.3,None,3.42,3.63,1.93,2.25,2.89,2.98
C0159,IoT Engineer,"Python, Node-RED, CoAP Protocol, Raspberry Pi, ESP32/ESP8266, Edge Computing, MQTT Protocol, Wi-Fi Protocols, Sensor Integration, Embedded C",B.E. Computer Science Engineering,Entry-level (0-1 yrs / Fresher),0.9,None,3.66,4.73,2.23,2.54,2.91,2.88
C0160,IoT Engineer,"Device Provisioning, Node-RED, Sensor Integration, MQTT Protocol, ESP32/ESP8266, Zigbee, BLE (Bluetooth Low Energy), Azure IoT Hub, Edge Computing, REST APIs, Embedded C, IoT Security",B.E. Computer Science Engineering,Entry-level (0-1 yrs / Fresher),0.4,Cisco IoT Fundamentals,3.11,3.99,2.98,2.09,2.92,2.68
C0161,Web Developer,"CSS, HTML, Git, JavaScript, Vue.js, SQL, Django, Responsive Design, Bootstrap, MongoDB",B.Tech Information Technology,Junior (1-3 yrs),2.2,freeCodeCamp Full Stack,1.45,2.77,3.62,2.47,3.05,3.06
C0162,Web Developer,"CSS, JavaScript, MongoDB, Git, PHP, Django, TypeScript, HTML, Angular, Webpack, REST API Development, SQL",B.E./B.Tech Computer Science Engineering,Junior (1-3 yrs),1.5,None,2.4,3.54,3.29,2.11,2.86,2.84
C0163,Web Developer,"SQL, Responsive Design, CSS, HTML, JavaScript, REST API Development, Angular, Git, Bootstrap, Web Accessibility (WCAG), TypeScript, Node.js",MCA,Mid-level (3-6 yrs),5.9,Meta Front-End Developer Certificate,2.1,3.62,2.69,1.52,3.32,2.55
C0164,Web Developer,"Node.js, Git, PHP, HTML, MongoDB, Django, Express.js, SQL, CSS, JavaScript",MCA,Mid-level (3-6 yrs),4.7,None,2.21,4.26,3.65,2.02,2.91,3.06
C0165,Web Developer,"Git, Angular, Webpack, CSS, JavaScript, Express.js, HTML, Django, Bootstrap, Responsive Design",B.Sc. Computer Science,Junior (1-3 yrs),1.8,None,2.04,3.75,3.28,2.35,2.62,3.32
C0166,Web Developer,"Web Accessibility (WCAG), Bootstrap, CSS, REST API Development, Webpack, JavaScript, TypeScript, HTML, Angular, React, Git, Django",B.Sc. Computer Science,Mid-level (3-6 yrs),3.1,freeCodeCamp Full Stack,1.33,3.56,2.87,2.03,2.6,2.81
C0167,Web Developer,"Django, Git, JavaScript, Node.js, CSS, TypeScript, Vue.js, HTML",B.E./B.Tech Computer Science Engineering,Junior (1-3 yrs),2.1,None,1.23,2.85,3.2,1.77,2.45,3.19
C0168,Web Developer,"React, JavaScript, Git, CSS, Web Accessibility (WCAG), HTML, Django, Vue.js",MCA,Senior (6-10 yrs),8.5,None,1.64,3.96,3.23,2.03,2.77,2.96
C0169,Web Developer,"REST API Development, HTML, JavaScript, Web Accessibility (WCAG), PHP, Git, Bootstrap, Express.js, CSS, TypeScript, Angular, Django",MCA,Junior (1-3 yrs),2.1,None,1.79,2.89,3.4,1.73,2.58,2.85
C0170,Web Developer,"Git, CSS, TypeScript, JavaScript, Vue.js, GraphQL, React, Bootstrap, Angular, HTML",B.Tech Information Technology,Senior (6-10 yrs),9.6,None,1.95,3.84,3.33,1.77,3.1,3.75
C0171,Web Developer,"Angular, CSS, Git, TypeScript, JavaScript, HTML, Webpack, GraphQL",BCA,Mid-level (3-6 yrs),3.4,None,2.25,3.93,3.48,1.79,2.27,3.27
C0172,Web Developer,"Express.js, Django, REST API Development, MongoDB, Git, GraphQL, CSS, Responsive Design, HTML, JavaScript",BCA,Senior (6-10 yrs),7.9,freeCodeCamp Full Stack,1.87,3.14,3.65,2.36,3.08,3.26
C0173,Web Developer,"Angular, Express.js, JavaScript, Git, Webpack, MongoDB, PHP, HTML, CSS",B.E./B.Tech Computer Science Engineering,Mid-level (3-6 yrs),4.6,None,1.67,3.41,2.54,2.53,2.13,2.68
C0174,Web Developer,"Git, Angular, JavaScript, Web Accessibility (WCAG), GraphQL, CSS, MongoDB, HTML, TypeScript",MCA,Junior (1-3 yrs),1.4,None,1.76,3.14,3.02,2.22,2.66,3.11
C0175,Web Developer,"Git, CSS, SQL, React, JavaScript, REST API Development, HTML, TypeScript, Node.js, Webpack",BCA,Junior (1-3 yrs),1.8,None,1.41,4.04,3.45,1.59,2.18,3.71
C0176,Web Developer,"PHP, REST API Development, Bootstrap, CSS, React, Django, HTML, Git, Responsive Design, GraphQL, JavaScript, SQL",B.Tech Information Technology,Mid-level (3-6 yrs),4.8,Meta Front-End Developer Certificate,1.58,3.25,3.11,2.17,2.59,2.69
C0177,Web Developer,"React, Bootstrap, Git, Webpack, MongoDB, CSS, REST API Development, HTML, PHP, JavaScript, Vue.js, Node.js",B.Sc. Computer Science,Senior (6-10 yrs),8.4,Meta Front-End Developer Certificate,2.27,3.15,3.62,1.13,2.91,3.63
C0178,Web Developer,"Node.js, HTML, MongoDB, Git, PHP, Vue.js, CSS, Web Accessibility (WCAG), Responsive Design, GraphQL, JavaScript",B.Tech Information Technology,Senior (6-10 yrs),7.5,Meta Front-End Developer Certificate,2.28,3.65,3.71,1.67,3.05,2.62
C0179,Web Developer,"GraphQL, Web Accessibility (WCAG), JavaScript, Responsive Design, Bootstrap, Git, HTML, CSS, React",B.Sc. Computer Science,Senior (6-10 yrs),7.5,Meta Front-End Developer Certificate,1.66,3.2,3.62,1.83,2.84,2.73
C0180,Web Developer,"CSS, Express.js, JavaScript, Angular, Django, MongoDB, HTML, Git, Node.js, Vue.js, SQL, Web Accessibility (WCAG)",MCA,Junior (1-3 yrs),2.4,freeCodeCamp Full Stack,1.64,3.7,2.73,2.24,2.76,3.59
C0181,Web Developer,"HTML, CSS, Git, TypeScript, PHP, Express.js, Node.js, Web Accessibility (WCAG), Responsive Design, JavaScript, Webpack, MongoDB",B.Tech Information Technology,Entry-level (0-1 yrs / Fresher),0.7,None,2.0,2.64,3.59,2.28,2.96,2.4
C0182,Web Developer,"Git, GraphQL, Vue.js, Webpack, HTML, JavaScript, React, Angular, SQL, CSS, MongoDB, Web Accessibility (WCAG)",MCA,Mid-level (3-6 yrs),5.1,Meta Front-End Developer Certificate,2.5,3.35,2.93,1.67,2.97,3.66
C0183,Web Developer,"Django, Webpack, Responsive Design, React, CSS, GraphQL, Web Accessibility (WCAG), Git, Node.js, HTML, JavaScript, TypeScript",BCA,Senior (6-10 yrs),7.6,None,1.15,3.53,3.36,2.07,2.64,3.84
C0184,Web Developer,"SQL, CSS, Express.js, REST API Development, Web Accessibility (WCAG), Node.js, Git, JavaScript, PHP, HTML, Responsive Design, Bootstrap",BCA,Entry-level (0-1 yrs / Fresher),0.8,freeCodeCamp Full Stack,2.32,3.09,2.65,1.72,3.3,2.99
C0185,Web Developer,"CSS, Webpack, Django, Git, SQL, JavaScript, Bootstrap, Web Accessibility (WCAG), HTML",B.Tech Information Technology,Mid-level (3-6 yrs),4.2,freeCodeCamp Full Stack,1.74,3.59,3.35,1.74,3.3,3.43
C0186,Web Developer,"REST API Development, HTML, SQL, PHP, CSS, Web Accessibility (WCAG), TypeScript, JavaScript, Vue.js, Git",B.Tech Information Technology,Junior (1-3 yrs),2.7,None,1.9,4.35,3.39,1.68,2.84,2.9
C0187,Web Developer,"Django, Responsive Design, CSS, Web Accessibility (WCAG), JavaScript, Git, React, HTML",MCA,Junior (1-3 yrs),3.0,freeCodeCamp Full Stack,1.27,4.0,3.54,2.35,1.96,3.54
C0188,Web Developer,"Webpack, MongoDB, CSS, Bootstrap, PHP, HTML, Git, JavaScript",B.E./B.Tech Computer Science Engineering,Junior (1-3 yrs),1.8,Meta Front-End Developer Certificate,1.55,4.09,3.17,2.5,2.84,3.55
C0189,Web Developer,"MongoDB, Git, HTML, GraphQL, PHP, CSS, Node.js, JavaScript, SQL, Webpack, Vue.js, REST API Development",B.Tech Information Technology,Senior (6-10 yrs),9.4,None,2.42,4.4,3.63,2.58,3.01,3.52
C0190,Web Developer,"Webpack, Django, Responsive Design, GraphQL, Express.js, TypeScript, React, Git, HTML, JavaScript, CSS, SQL",BCA,Mid-level (3-6 yrs),4.1,freeCodeCamp Full Stack,1.57,3.94,2.84,2.49,2.39,2.78
C0191,Web Developer,"HTML, GraphQL, JavaScript, TypeScript, Webpack, Django, Git, REST API Development, Express.js, CSS, Web Accessibility (WCAG), SQL",MCA,Senior (6-10 yrs),9.4,Meta Front-End Developer Certificate,2.12,3.78,2.97,2.54,2.67,2.57
C0192,Web Developer,"GraphQL, Git, Web Accessibility (WCAG), TypeScript, CSS, HTML, Responsive Design, REST API Development, JavaScript, SQL, Django",B.E./B.Tech Computer Science Engineering,Junior (1-3 yrs),1.3,Meta Front-End Developer Certificate,2.58,4.13,3.07,2.02,2.86,2.62
C0193,Web Developer,"Node.js, Responsive Design, HTML, Vue.js, JavaScript, Git, Express.js, CSS",MCA,Junior (1-3 yrs),1.3,None,2.38,3.71,3.43,1.73,1.73,3.26
C0194,Web Developer,"PHP, Web Accessibility (WCAG), HTML, CSS, Vue.js, Git, JavaScript, TypeScript, SQL, GraphQL, Bootstrap, Django",BCA,Mid-level (3-6 yrs),4.2,None,1.8,3.61,3.51,1.29,2.55,3.47
C0195,Web Developer,"Web Accessibility (WCAG), Django, Express.js, CSS, JavaScript, Git, SQL, HTML",B.Tech Information Technology,Senior (6-10 yrs),9.5,None,1.61,3.75,3.17,1.6,2.57,3.32
C0196,Web Developer,"JavaScript, TypeScript, Git, Webpack, Bootstrap, HTML, CSS, Django, Express.js, Responsive Design, SQL",MCA,Senior (6-10 yrs),7.1,None,1.83,3.67,3.67,2.15,2.87,3.27
C0197,Web Developer,"GraphQL, Express.js, PHP, SQL, React, Node.js, Git, HTML, JavaScript, CSS",BCA,Senior (6-10 yrs),8.8,Meta Front-End Developer Certificate,1.43,4.27,3.33,1.96,2.82,2.95
C0198,Web Developer,"REST API Development, React, JavaScript, MongoDB, CSS, HTML, Node.js, Angular, Express.js, Bootstrap, Git",B.Sc. Computer Science,Junior (1-3 yrs),1.9,freeCodeCamp Full Stack,2.02,3.51,3.11,1.35,2.61,3.04
C0199,Web Developer,"Webpack, Angular, GraphQL, React, Responsive Design, JavaScript, CSS, HTML, Node.js, REST API Development, Git",B.E./B.Tech Computer Science Engineering,Entry-level (0-1 yrs / Fresher),0.6,None,1.71,3.39,3.24,1.7,2.19,3.1
C0200,Web Developer,"Git, HTML, REST API Development, React, Angular, Vue.js, TypeScript, Webpack, JavaScript, CSS",B.E./B.Tech Computer Science Engineering,Senior (6-10 yrs),7.4,None,1.8,3.71,3.06,1.51,2.35,2.98
C0201,Cloud Engineer,"Linux Administration, AWS, Docker, Load Balancing, CloudFormation, S3/Blob Storage, Serverless (Lambda), CloudWatch Monitoring, Auto Scaling, Cost Optimization, Cloud Architecture, Networking (VPC/Subnets)",MCA,Junior (1-3 yrs),2.8,Google Cloud Associate Engineer,1.75,3.61,1.49,1.42,2.92,3.6
C0202,Cloud Engineer,"S3/Blob Storage, Networking (VPC/Subnets), Linux Administration, Load Balancing, IAM and Cloud Security, Terraform, AWS, CI/CD Pipelines, Docker, Cloud Architecture, Cloud Migration, CloudFormation",MCA,Junior (1-3 yrs),1.2,None,1.43,3.49,1.51,1.71,2.94,4.11
C0203,Cloud Engineer,"Azure, Networking (VPC/Subnets), Cloud Architecture, Auto Scaling, Linux Administration, AWS, Kubernetes, Python/Bash Scripting",M.Tech Cloud Computing,Entry-level (0-1 yrs / Fresher),0.8,Google Cloud Associate Engineer,1.06,3.78,1.68,1.86,3.4,4.17
C0204,Cloud Engineer,"AWS, Kubernetes, Networking (VPC/Subnets), IAM and Cloud Security, Cloud Architecture, Load Balancing, Serverless (Lambda), Linux Administration",B.E./B.Tech Computer Science Engineering,Mid-level (3-6 yrs),5.0,None,1.88,3.74,1.77,2.37,3.18,3.9
C0205,Cloud Engineer,"AWS, IAM and Cloud Security, Cloud Architecture, Cloud Migration, Networking (VPC/Subnets), Auto Scaling, CloudWatch Monitoring, Load Balancing, Linux Administration, S3/Blob Storage, CloudFormation, Python/Bash Scripting",MCA,Entry-level (0-1 yrs / Fresher),0.7,Google Cloud Associate Engineer,1.3,3.63,1.94,1.99,3.21,3.97
C0206,Cloud Engineer,"Cloud Architecture, Azure, Cloud Migration, Cost Optimization, Linux Administration, CloudWatch Monitoring, AWS, Networking (VPC/Subnets), Load Balancing, Docker",M.Tech Cloud Computing,Mid-level (3-6 yrs),5.7,Microsoft Azure Fundamentals,1.78,4.63,1.94,2.22,3.87,3.38
C0207,Cloud Engineer,"Networking (VPC/Subnets), CI/CD Pipelines, Serverless (Lambda), Cost Optimization, Linux Administration, Cloud Migration, Terraform, AWS, S3/Blob Storage, Cloud Architecture",M.Tech Cloud Computing,Senior (6-10 yrs),7.7,AWS Certified Solutions Architect,1.9,3.69,1.29,1.56,3.99,3.75
C0208,Cloud Engineer,"Load Balancing, CloudWatch Monitoring, CI/CD Pipelines, Google Cloud Platform (GCP), Azure, AWS, Cloud Architecture, Linux Administration, CloudFormation, Docker, Networking (VPC/Subnets)",B.Tech Information Technology,Senior (6-10 yrs),7.2,None,1.92,4.19,1.0,2.1,3.0,3.61
C0209,Cloud Engineer,"Serverless (Lambda), Networking (VPC/Subnets), AWS, Cloud Architecture, Cloud Migration, Auto Scaling, CloudWatch Monitoring, Load Balancing, Cost Optimization, Terraform, Linux Administration",M.Tech Cloud Computing,Senior (6-10 yrs),7.3,AWS Certified Solutions Architect,2.01,4.17,1.43,2.19,2.97,4.18
C0210,Cloud Engineer,"CloudFormation, Linux Administration, Serverless (Lambda), CloudWatch Monitoring, S3/Blob Storage, Cloud Architecture, CI/CD Pipelines, AWS, Cloud Migration, Networking (VPC/Subnets)",B.E./B.Tech Computer Science Engineering,Entry-level (0-1 yrs / Fresher),0.2,Microsoft Azure Fundamentals,2.2,3.36,2.21,2.05,3.63,3.98
C0211,Cloud Engineer,"AWS, Cost Optimization, Load Balancing, Networking (VPC/Subnets), Kubernetes, Python/Bash Scripting, Cloud Architecture, Linux Administration",B.Tech Information Technology,Entry-level (0-1 yrs / Fresher),0.4,AWS Certified Solutions Architect,1.7,4.04,1.79,2.59,3.24,4.14
C0212,Cloud Engineer,"Terraform, Cloud Architecture, Linux Administration, Networking (VPC/Subnets), Docker, AWS, Python/Bash Scripting, IAM and Cloud Security",B.Tech Information Technology,Senior (6-10 yrs),8.0,AWS Certified Solutions Architect,2.08,3.64,1.46,1.9,3.63,4.69
C0213,Cloud Engineer,"CloudFormation, Linux Administration, Azure, Cloud Architecture, Kubernetes, Load Balancing, Serverless (Lambda), Docker, S3/Blob Storage, AWS, Networking (VPC/Subnets), IAM and Cloud Security",B.E./B.Tech Computer Science Engineering,Mid-level (3-6 yrs),5.6,AWS Certified Solutions Architect,2.62,3.56,1.66,2.36,3.13,3.84
C0214,Cloud Engineer,"Terraform, Linux Administration, AWS, Serverless (Lambda), Kubernetes, Docker, Cloud Architecture, Networking (VPC/Subnets), CI/CD Pipelines, IAM and Cloud Security, Auto Scaling",B.Tech Information Technology,Senior (6-10 yrs),10.0,Microsoft Azure Fundamentals,1.41,3.47,1.68,2.13,2.68,3.57
C0215,Cloud Engineer,"Cloud Architecture, Python/Bash Scripting, AWS, Azure, Cost Optimization, Networking (VPC/Subnets), Linux Administration, Terraform, CloudWatch Monitoring",B.E./B.Tech Computer Science Engineering,Junior (1-3 yrs),1.4,Google Cloud Associate Engineer,1.27,3.56,1.36,1.84,3.46,3.73
C0216,Cloud Engineer,"CloudFormation, Linux Administration, AWS, Docker, Load Balancing, Python/Bash Scripting, Cloud Architecture, Serverless (Lambda), CI/CD Pipelines, CloudWatch Monitoring, Networking (VPC/Subnets)",B.E./B.Tech Computer Science Engineering,Mid-level (3-6 yrs),5.9,Microsoft Azure Fundamentals,1.64,2.71,1.61,1.85,4.35,3.18
C0217,Cloud Engineer,"Cloud Architecture, Networking (VPC/Subnets), Azure, Kubernetes, Linux Administration, Serverless (Lambda), S3/Blob Storage, AWS, Python/Bash Scripting, Cost Optimization, CloudFormation, IAM and Cloud Security",MCA,Entry-level (0-1 yrs / Fresher),0.6,AWS Certified Solutions Architect,1.86,4.3,2.12,1.54,3.25,3.94
C0218,Cloud Engineer,"AWS, Networking (VPC/Subnets), Linux Administration, Load Balancing, Cost Optimization, Google Cloud Platform (GCP), Python/Bash Scripting, Serverless (Lambda), Cloud Architecture, Terraform",M.Tech Cloud Computing,Senior (6-10 yrs),6.1,None,1.17,3.56,1.73,2.42,3.3,4.31
C0219,Cloud Engineer,"AWS, Networking (VPC/Subnets), Auto Scaling, Cost Optimization, Linux Administration, Serverless (Lambda), Kubernetes, Cloud Architecture, Google Cloud Platform (GCP)",B.E./B.Tech Computer Science Engineering,Junior (1-3 yrs),2.8,Microsoft Azure Fundamentals,1.82,4.09,1.62,1.87,3.07,4.3
C0220,Cloud Engineer,"Python/Bash Scripting, Cloud Architecture, Networking (VPC/Subnets), CloudWatch Monitoring, Azure, Terraform, Linux Administration, Google Cloud Platform (GCP), AWS, CI/CD Pipelines, Kubernetes",B.Tech Information Technology,Junior (1-3 yrs),2.2,None,1.29,4.02,1.56,1.97,3.54,3.48
C0221,Cloud Engineer,"Cloud Architecture, Cost Optimization, Auto Scaling, Linux Administration, CloudWatch Monitoring, Terraform, CloudFormation, Azure, IAM and Cloud Security, Python/Bash Scripting, AWS, Networking (VPC/Subnets)",M.Tech Cloud Computing,Junior (1-3 yrs),2.9,Google Cloud Associate Engineer,1.86,3.83,1.48,2.37,3.19,3.8
C0222,Cloud Engineer,"Auto Scaling, Networking (VPC/Subnets), S3/Blob Storage, AWS, Terraform, Cloud Architecture, Docker, Linux Administration, CloudFormation, Serverless (Lambda), Google Cloud Platform (GCP)",MCA,Mid-level (3-6 yrs),4.3,Google Cloud Associate Engineer,1.67,4.42,1.0,1.36,2.95,3.39
C0223,Cloud Engineer,"Networking (VPC/Subnets), Terraform, S3/Blob Storage, Linux Administration, Docker, Kubernetes, Cloud Migration, CI/CD Pipelines, Cost Optimization, Cloud Architecture, AWS",M.Tech Cloud Computing,Mid-level (3-6 yrs),4.7,Microsoft Azure Fundamentals,1.97,3.92,1.46,2.69,3.13,4.14
C0224,Cloud Engineer,"Azure, Cloud Migration, Python/Bash Scripting, Linux Administration, Google Cloud Platform (GCP), CloudFormation, Cloud Architecture, Networking (VPC/Subnets), AWS, IAM and Cloud Security",B.Tech Information Technology,Senior (6-10 yrs),6.6,None,2.09,3.59,1.24,2.6,2.74,4.04
C0225,Cloud Engineer,"Azure, CI/CD Pipelines, Cost Optimization, CloudFormation, AWS, Networking (VPC/Subnets), Python/Bash Scripting, Cloud Architecture, Cloud Migration, S3/Blob Storage, Load Balancing, Linux Administration",MCA,Junior (1-3 yrs),2.2,Google Cloud Associate Engineer,1.6,3.57,2.01,2.08,3.01,3.71
C0226,Cloud Engineer,"Networking (VPC/Subnets), Load Balancing, Kubernetes, Terraform, Google Cloud Platform (GCP), CloudFormation, CI/CD Pipelines, Docker, Cloud Architecture, Linux Administration, AWS",MCA,Mid-level (3-6 yrs),5.3,Microsoft Azure Fundamentals,1.72,3.72,2.08,1.95,3.57,3.69
C0227,Cloud Engineer,"Linux Administration, IAM and Cloud Security, Load Balancing, Auto Scaling, Cost Optimization, Networking (VPC/Subnets), AWS, Cloud Architecture",B.E./B.Tech Computer Science Engineering,Entry-level (0-1 yrs / Fresher),0.5,Google Cloud Associate Engineer,2.37,3.99,1.42,1.79,3.4,4.01
C0228,Cloud Engineer,"Linux Administration, Docker, Serverless (Lambda), Cloud Migration, Networking (VPC/Subnets), CI/CD Pipelines, S3/Blob Storage, Terraform, Google Cloud Platform (GCP), AWS, Cloud Architecture, Python/Bash Scripting",M.Tech Cloud Computing,Junior (1-3 yrs),1.3,Google Cloud Associate Engineer,1.42,3.66,1.4,2.07,2.71,3.81
C0229,Cloud Engineer,"AWS, IAM and Cloud Security, Networking (VPC/Subnets), Linux Administration, Cloud Migration, Azure, Cloud Architecture, Google Cloud Platform (GCP)",M.Tech Cloud Computing,Mid-level (3-6 yrs),5.5,AWS Certified Solutions Architect,2.36,3.79,1.39,2.05,3.65,2.87
C0230,Cloud Engineer,"AWS, Serverless (Lambda), Python/Bash Scripting, Docker, Cloud Architecture, Auto Scaling, Cloud Migration, Kubernetes, Networking (VPC/Subnets), Cost Optimization, Linux Administration",MCA,Entry-level (0-1 yrs / Fresher),0.1,AWS Certified Solutions Architect,1.44,4.26,1.93,2.6,3.13,3.57
C0231,Cloud Engineer,"CloudWatch Monitoring, S3/Blob Storage, Linux Administration, Cost Optimization, AWS, Cloud Migration, Networking (VPC/Subnets), Cloud Architecture",MCA,Senior (6-10 yrs),7.0,Microsoft Azure Fundamentals,1.0,3.58,1.33,2.24,3.51,3.21
C0232,Cloud Engineer,"Cost Optimization, Terraform, Load Balancing, Linux Administration, AWS, Python/Bash Scripting, Networking (VPC/Subnets), Google Cloud Platform (GCP), Cloud Architecture, Kubernetes, S3/Blob Storage",MCA,Entry-level (0-1 yrs / Fresher),0.6,None,1.43,4.41,1.86,2.11,3.64,4.1
C0233,Cloud Engineer,"Cloud Architecture, Networking (VPC/Subnets), AWS, Terraform, Python/Bash Scripting, Serverless (Lambda), Linux Administration, Docker",M.Tech Cloud Computing,Mid-level (3-6 yrs),4.7,Google Cloud Associate Engineer,2.52,3.44,1.42,1.13,3.83,3.67
C0234,Cloud Engineer,"CloudFormation, Docker, Networking (VPC/Subnets), Linux Administration, Load Balancing, Cost Optimization, Terraform, Cloud Migration, Cloud Architecture, CloudWatch Monitoring, Azure, AWS",M.Tech Cloud Computing,Senior (6-10 yrs),7.6,None,1.13,3.74,1.34,2.04,2.62,4.3
C0235,Cloud Engineer,"Terraform, Docker, CloudWatch Monitoring, Cost Optimization, Azure, Linux Administration, S3/Blob Storage, Python/Bash Scripting, Networking (VPC/Subnets), AWS, Cloud Architecture",MCA,Senior (6-10 yrs),8.5,None,1.19,3.87,1.24,2.12,3.51,4.2
C0236,Cloud Engineer,"Docker, Cloud Architecture, Cost Optimization, Kubernetes, Networking (VPC/Subnets), Linux Administration, S3/Blob Storage, IAM and Cloud Security, AWS, CloudWatch Monitoring, Load Balancing, Auto Scaling",B.E./B.Tech Computer Science Engineering,Junior (1-3 yrs),2.5,Google Cloud Associate Engineer,1.54,3.94,1.73,1.89,2.65,3.81
C0237,Cloud Engineer,"CloudFormation, Cloud Architecture, Networking (VPC/Subnets), S3/Blob Storage, CI/CD Pipelines, Azure, Linux Administration, AWS",MCA,Mid-level (3-6 yrs),5.9,Google Cloud Associate Engineer,1.67,4.0,2.19,1.69,3.23,3.19
C0238,Cloud Engineer,"Linux Administration, Terraform, Cloud Architecture, Auto Scaling, S3/Blob Storage, Networking (VPC/Subnets), CI/CD Pipelines, AWS",B.E./B.Tech Computer Science Engineering,Junior (1-3 yrs),2.0,Google Cloud Associate Engineer,1.69,4.45,1.55,2.3,3.27,3.16
C0239,Cloud Engineer,"S3/Blob Storage, CloudWatch Monitoring, Kubernetes, Linux Administration, Serverless (Lambda), Docker, CloudFormation, Cloud Architecture, Python/Bash Scripting, AWS, Terraform, Networking (VPC/Subnets)",B.Tech Information Technology,Senior (6-10 yrs),8.9,Microsoft Azure Fundamentals,1.86,4.53,1.28,2.47,3.31,3.5
C0240,Cloud Engineer,"Networking (VPC/Subnets), AWS, Cloud Architecture, Auto Scaling, Serverless (Lambda), IAM and Cloud Security, Docker, Linux Administration, CloudWatch Monitoring",MCA,Entry-level (0-1 yrs / Fresher),0.3,None,1.44,4.14,1.0,1.81,3.7,3.98
C0241,DevOps Engineer,"Prometheus and Grafana, CI/CD Pipelines, Git, Configuration Management, Linux Administration, AWS/Azure, GitHub Actions, ELK Stack (Log Management), Docker, Security Automation",B.Tech Information Technology,Mid-level (3-6 yrs),5.0,Docker Certified Associate,1.98,3.75,1.75,2.11,2.79,4.06
C0242,DevOps Engineer,"Version Control Workflows, Linux Administration, Git, AWS/Azure, ELK Stack (Log Management), Terraform, Load Balancing, Jenkins, Docker, Container Orchestration, CI/CD Pipelines",B.E./B.Tech Computer Science Engineering,Junior (1-3 yrs),1.8,Docker Certified Associate,2.49,3.32,1.59,2.55,3.73,3.58
C0243,DevOps Engineer,"AWS/Azure, Load Balancing, Prometheus and Grafana, ELK Stack (Log Management), Linux Administration, CI/CD Pipelines, Configuration Management, Security Automation, Docker, Git",MCA,Mid-level (3-6 yrs),3.5,Certified Kubernetes Administrator (CKA),1.08,3.75,1.41,1.94,2.98,3.81
C0244,DevOps Engineer,"Python, Git, Kubernetes, GitHub Actions, ELK Stack (Log Management), Linux Administration, Configuration Management, Shell Scripting, AWS/Azure, Docker, CI/CD Pipelines",B.E./B.Tech Computer Science Engineering,Senior (6-10 yrs),7.1,None,2.43,3.4,1.0,2.01,2.77,3.83
C0245,DevOps Engineer,"Shell Scripting, Linux Administration, Docker, Git, Jenkins, Python, CI/CD Pipelines, Load Balancing",M.Tech Software Engineering,Entry-level (0-1 yrs / Fresher),0.6,Certified Kubernetes Administrator (CKA),1.48,4.29,1.19,2.75,3.22,3.47
C0246,DevOps Engineer,"Jenkins, Shell Scripting, Docker, Git, CI/CD Pipelines, Configuration Management, Infrastructure as Code, Prometheus and Grafana, Linux Administration",M.Tech Software Engineering,Junior (1-3 yrs),1.3,Docker Certified Associate,3.32,3.91,1.63,2.5,3.35,3.25
C0247,DevOps Engineer,"Security Automation, Git, CI/CD Pipelines, Load Balancing, ELK Stack (Log Management), Container Orchestration, Jenkins, Prometheus and Grafana, Linux Administration, Docker, Version Control Workflows",B.Tech Information Technology,Senior (6-10 yrs),8.6,None,2.46,3.39,1.63,2.68,3.76,3.85
C0248,DevOps Engineer,"Git, Python, Linux Administration, CI/CD Pipelines, Security Automation, GitHub Actions, Terraform, Ansible, Kubernetes, Docker",MCA,Senior (6-10 yrs),7.3,Docker Certified Associate,1.55,4.63,1.63,2.22,3.27,3.93
C0249,DevOps Engineer,"Prometheus and Grafana, Linux Administration, ELK Stack (Log Management), Shell Scripting, CI/CD Pipelines, AWS/Azure, Docker, Ansible, Git, Load Balancing",B.Tech Information Technology,Entry-level (0-1 yrs / Fresher),0.9,Certified Kubernetes Administrator (CKA),2.25,3.71,2.09,2.41,3.51,3.53
C0250,DevOps Engineer,"Python, Terraform, Version Control Workflows, Configuration Management, Infrastructure as Code, Docker, AWS/Azure, CI/CD Pipelines, Git, Linux Administration, Ansible",MCA,Senior (6-10 yrs),6.0,Docker Certified Associate,2.42,4.8,2.15,2.02,3.97,2.91
C0251,DevOps Engineer,"Jenkins, Version Control Workflows, Terraform, Python, CI/CD Pipelines, ELK Stack (Log Management), AWS/Azure, Security Automation, Configuration Management, Git, Docker, Linux Administration",MCA,Junior (1-3 yrs),1.9,None,1.38,3.14,1.42,2.15,3.67,3.96
C0252,DevOps Engineer,"Python, Docker, CI/CD Pipelines, ELK Stack (Log Management), Git, Infrastructure as Code, Jenkins, Kubernetes, Linux Administration",B.Tech Information Technology,Entry-level (0-1 yrs / Fresher),0.3,Certified Kubernetes Administrator (CKA),2.03,4.11,1.86,2.9,3.67,4.04
C0253,DevOps Engineer,"Security Automation, CI/CD Pipelines, Ansible, Terraform, Git, Linux Administration, Docker, GitHub Actions",MCA,Mid-level (3-6 yrs),3.6,Docker Certified Associate,2.51,3.8,1.56,2.29,2.79,3.89
C0254,DevOps Engineer,"Ansible, Docker, AWS/Azure, Container Orchestration, Python, GitHub Actions, CI/CD Pipelines, Linux Administration, Git, Configuration Management",M.Tech Software Engineering,Mid-level (3-6 yrs),3.0,None,1.97,3.4,1.35,2.57,3.62,3.46
C0255,DevOps Engineer,"Docker, Security Automation, Git, Shell Scripting, Version Control Workflows, Jenkins, Linux Administration, CI/CD Pipelines, Python",M.Tech Software Engineering,Senior (6-10 yrs),7.0,Certified Kubernetes Administrator (CKA),1.86,3.32,1.68,2.47,3.3,5.0
C0256,DevOps Engineer,"Linux Administration, Git, Docker, CI/CD Pipelines, Configuration Management, Version Control Workflows, AWS/Azure, Ansible",B.Tech Information Technology,Senior (6-10 yrs),6.7,None,1.56,3.25,2.16,2.1,2.74,4.21
C0257,DevOps Engineer,"Shell Scripting, Terraform, Linux Administration, ELK Stack (Log Management), Git, Container Orchestration, Kubernetes, CI/CD Pipelines, AWS/Azure, GitHub Actions, Docker, Infrastructure as Code",MCA,Senior (6-10 yrs),8.5,None,1.61,4.13,1.46,1.61,3.23,3.58
C0258,DevOps Engineer,"Configuration Management, CI/CD Pipelines, Docker, Version Control Workflows, Python, Kubernetes, Git, Infrastructure as Code, GitHub Actions, Linux Administration",B.E./B.Tech Computer Science Engineering,Mid-level (3-6 yrs),4.0,None,1.25,3.69,1.12,2.19,3.59,3.04
C0259,DevOps Engineer,"Kubernetes, Load Balancing, Linux Administration, Terraform, ELK Stack (Log Management), CI/CD Pipelines, Version Control Workflows, Git, Configuration Management, Python, Docker",B.Tech Information Technology,Senior (6-10 yrs),6.6,Docker Certified Associate,1.44,3.63,1.32,3.12,2.99,3.75
C0260,DevOps Engineer,"Configuration Management, AWS/Azure, Python, Git, Security Automation, Jenkins, Load Balancing, CI/CD Pipelines, Docker, Linux Administration",MCA,Senior (6-10 yrs),8.4,None,1.5,3.84,1.87,1.9,3.27,3.52
C0261,DevOps Engineer,"ELK Stack (Log Management), Linux Administration, CI/CD Pipelines, Ansible, Security Automation, Docker, Prometheus and Grafana, Git, Jenkins, GitHub Actions",B.Tech Information Technology,Junior (1-3 yrs),1.5,Certified Kubernetes Administrator (CKA),2.52,3.68,1.24,2.24,3.37,4.4
C0262,DevOps Engineer,"Prometheus and Grafana, Git, Container Orchestration, Python, Ansible, Linux Administration, CI/CD Pipelines, Docker, Load Balancing, Infrastructure as Code",B.Tech Information Technology,Entry-level (0-1 yrs / Fresher),1.0,None,1.8,3.43,2.44,1.46,3.23,2.52
C0263,DevOps Engineer,"Git, Linux Administration, Load Balancing, Security Automation, Container Orchestration, Prometheus and Grafana, Docker, CI/CD Pipelines, Kubernetes",M.Tech Software Engineering,Junior (1-3 yrs),1.9,Certified Kubernetes Administrator (CKA),1.75,4.19,1.77,2.56,3.33,3.13
C0264,DevOps Engineer,"Kubernetes, Python, Jenkins, CI/CD Pipelines, Git, Linux Administration, Configuration Management, Infrastructure as Code, Docker",M.Tech Software Engineering,Junior (1-3 yrs),2.4,None,1.74,3.98,1.52,2.46,4.01,3.69
C0265,DevOps Engineer,"CI/CD Pipelines, Load Balancing, Shell Scripting, Docker, Git, Linux Administration, Container Orchestration, Python",M.Tech Software Engineering,Junior (1-3 yrs),2.7,Certified Kubernetes Administrator (CKA),2.21,3.97,2.09,2.06,2.72,4.6
C0266,DevOps Engineer,"ELK Stack (Log Management), Jenkins, CI/CD Pipelines, Kubernetes, Ansible, Version Control Workflows, Docker, Linux Administration, Git, AWS/Azure, Shell Scripting, Configuration Management",MCA,Senior (6-10 yrs),8.2,None,2.11,4.4,1.79,2.38,2.84,3.36
C0267,DevOps Engineer,"GitHub Actions, Docker, Shell Scripting, Python, Git, Ansible, CI/CD Pipelines, Linux Administration",M.Tech Software Engineering,Senior (6-10 yrs),9.5,None,2.73,3.58,1.15,2.56,3.51,3.83
C0268,DevOps Engineer,"Docker, Linux Administration, Security Automation, Load Balancing, Python, Git, Configuration Management, Container Orchestration, Prometheus and Grafana, Ansible, Kubernetes, CI/CD Pipelines",B.Tech Information Technology,Entry-level (0-1 yrs / Fresher),0.6,Docker Certified Associate,1.22,3.48,1.88,1.56,3.01,4.38
C0269,DevOps Engineer,"Docker, Prometheus and Grafana, CI/CD Pipelines, GitHub Actions, Infrastructure as Code, Linux Administration, Jenkins, Terraform, Ansible, Git",B.Tech Information Technology,Junior (1-3 yrs),2.0,Docker Certified Associate,2.14,3.21,1.23,1.18,3.56,3.28
C0270,DevOps Engineer,"Kubernetes, Docker, Python, Security Automation, Version Control Workflows, Linux Administration, CI/CD Pipelines, Git",B.Tech Information Technology,Senior (6-10 yrs),9.6,None,2.16,4.0,1.59,1.9,3.63,4.25
C0271,DevOps Engineer,"Container Orchestration, Git, Ansible, GitHub Actions, Linux Administration, Kubernetes, CI/CD Pipelines, Docker, Terraform",B.E./B.Tech Computer Science Engineering,Entry-level (0-1 yrs / Fresher),0.8,Certified Kubernetes Administrator (CKA),1.14,3.87,1.93,2.19,3.38,3.81
C0272,DevOps Engineer,"Ansible, Shell Scripting, Linux Administration, Git, Docker, Terraform, CI/CD Pipelines, GitHub Actions",MCA,Junior (1-3 yrs),2.7,Docker Certified Associate,1.85,3.7,1.89,1.48,2.58,3.69
C0273,DevOps Engineer,"ELK Stack (Log Management), CI/CD Pipelines, Kubernetes, Docker, Prometheus and Grafana, Container Orchestration, Git, Infrastructure as Code, Jenkins, Linux Administration",B.Tech Information Technology,Mid-level (3-6 yrs),5.9,None,2.06,3.98,2.48,2.85,3.34,3.94
C0274,DevOps Engineer,"Version Control Workflows, ELK Stack (Log Management), Docker, Prometheus and Grafana, Linux Administration, Git, Load Balancing, CI/CD Pipelines, AWS/Azure",M.Tech Software Engineering,Mid-level (3-6 yrs),5.1,None,2.06,4.1,2.02,2.06,3.73,3.14
C0275,DevOps Engineer,"Ansible, Kubernetes, Git, Load Balancing, Linux Administration, ELK Stack (Log Management), CI/CD Pipelines, Docker, Python, Configuration Management, Jenkins",B.Tech Information Technology,Entry-level (0-1 yrs / Fresher),0.4,Docker Certified Associate,1.72,4.16,1.8,2.09,3.54,3.25
C0276,DevOps Engineer,"Shell Scripting, CI/CD Pipelines, Configuration Management, Docker, Git, Infrastructure as Code, Linux Administration, Container Orchestration, Security Automation, ELK Stack (Log Management)",B.E./B.Tech Computer Science Engineering,Mid-level (3-6 yrs),4.5,Docker Certified Associate,1.85,3.54,1.71,2.18,3.75,4.05
C0277,DevOps Engineer,"Git, GitHub Actions, Prometheus and Grafana, Linux Administration, Ansible, CI/CD Pipelines, Configuration Management, Docker, ELK Stack (Log Management)",MCA,Senior (6-10 yrs),8.0,None,1.3,3.51,1.53,2.08,3.31,2.58
C0278,DevOps Engineer,"ELK Stack (Log Management), Prometheus and Grafana, Git, Docker, Python, CI/CD Pipelines, Linux Administration, Shell Scripting",B.Tech Information Technology,Senior (6-10 yrs),7.7,None,1.9,3.25,2.06,2.48,2.87,3.29
C0279,DevOps Engineer,"Shell Scripting, Docker, Linux Administration, AWS/Azure, Security Automation, CI/CD Pipelines, Git, Version Control Workflows, Python, Infrastructure as Code, Jenkins, Ansible",MCA,Entry-level (0-1 yrs / Fresher),0.8,None,1.69,3.99,2.01,2.08,3.48,3.9
C0280,DevOps Engineer,"Linux Administration, Version Control Workflows, Security Automation, Kubernetes, CI/CD Pipelines, Load Balancing, Git, Docker, GitHub Actions",M.Tech Software Engineering,Senior (6-10 yrs),7.1,None,1.01,3.09,1.31,2.38,2.55,3.48
C0281,Firmware Engineer,"Embedded C, Device Drivers, I2C/SPI/UART Peripheral Interfacing, Microcontroller Architecture, Assembly Language, Real-Time Debugging, Board Support Package (BSP) Development, Power Management",M.Tech Embedded Systems,Senior (6-10 yrs),6.8,ARM Accredited Engineer,4.07,3.68,1.67,1.82,2.61,3.49
C0282,Firmware Engineer,"Assembly Language, RTOS, Microcontroller Architecture, Device Drivers, Embedded Security, Cross-compilation Toolchains, Embedded C, Hardware Datasheet Interpretation, Board Support Package (BSP) Development",M.Tech Embedded Systems,Entry-level (0-1 yrs / Fresher),0.7,Embedded Systems Certification,3.46,4.09,1.52,1.4,1.94,3.66
C0283,Firmware Engineer,"Board Support Package (BSP) Development, Assembly Language, Embedded Security, Microcontroller Architecture, Embedded C, Real-Time Debugging, Bootloader Development, Static Code Analysis, Git, Memory Management, Device Drivers, JTAG/SWD Debugging",B.E. Electrical and Electronics Engineering,Junior (1-3 yrs),1.3,Embedded Systems Certification,4.03,3.76,2.26,1.02,1.68,2.92
C0284,Firmware Engineer,"Cross-compilation Toolchains, Assembly Language, Embedded Security, Memory Management, Embedded C, I2C/SPI/UART Peripheral Interfacing, JTAG/SWD Debugging, Microcontroller Architecture, Device Drivers, Real-Time Debugging",B.E. Computer Science Engineering,Senior (6-10 yrs),7.7,ARM Accredited Engineer,3.89,4.4,2.39,1.83,2.11,4.0
C0285,Firmware Engineer,"Device Drivers, Git, Cross-compilation Toolchains, Embedded C, Bootloader Development, Board Support Package (BSP) Development, Assembly Language, Microcontroller Architecture",B.E./B.Tech Electronics and Communication Engineering,Senior (6-10 yrs),9.8,None,3.85,4.62,1.5,1.7,1.93,3.05
C0286,Firmware Engineer,"Git, Assembly Language, I2C/SPI/UART Peripheral Interfacing, Memory Management, Hardware Datasheet Interpretation, Embedded C, Microcontroller Architecture, JTAG/SWD Debugging, Power Management, Device Drivers, RTOS, Board Support Package (BSP) Development",B.E. Computer Science Engineering,Mid-level (3-6 yrs),5.6,ARM Accredited Engineer,3.41,4.12,2.03,1.59,1.66,3.78
C0287,Firmware Engineer,"Git, Embedded Security, Device Drivers, Assembly Language, Microcontroller Architecture, Power Management, JTAG/SWD Debugging, Board Support Package (BSP) Development, Memory Management, Embedded C",M.Tech Embedded Systems,Mid-level (3-6 yrs),5.7,ARM Accredited Engineer,3.51,4.04,1.65,1.72,3.09,3.28
C0288,Firmware Engineer,"Device Drivers, Memory Management, Microcontroller Architecture, Board Support Package (BSP) Development, Assembly Language, Embedded C, JTAG/SWD Debugging, I2C/SPI/UART Peripheral Interfacing, RTOS, Cross-compilation Toolchains",B.E. Computer Science Engineering,Mid-level (3-6 yrs),5.2,ARM Accredited Engineer,4.08,3.55,1.33,1.69,1.61,3.06
C0289,Firmware Engineer,"Embedded Security, JTAG/SWD Debugging, Device Drivers, Git, Cross-compilation Toolchains, Board Support Package (BSP) Development, Microcontroller Architecture, Bootloader Development, Embedded C, Assembly Language",B.E./B.Tech Electronics and Communication Engineering,Junior (1-3 yrs),1.5,None,4.15,3.6,1.79,1.36,1.55,3.59
C0290,Firmware Engineer,"JTAG/SWD Debugging, Assembly Language, Embedded C, Memory Management, Power Management, Device Drivers, I2C/SPI/UART Peripheral Interfacing, Real-Time Debugging, Hardware Datasheet Interpretation, Microcontroller Architecture",B.E. Electrical and Electronics Engineering,Entry-level (0-1 yrs / Fresher),1.0,None,3.74,4.88,2.23,1.87,2.02,3.37
C0291,Firmware Engineer,"Embedded C, Assembly Language, Device Drivers, JTAG/SWD Debugging, RTOS, Hardware Datasheet Interpretation, Static Code Analysis, Microcontroller Architecture, Firmware OTA Updates, Bootloader Development",B.E. Computer Science Engineering,Senior (6-10 yrs),6.5,None,2.74,3.33,1.58,2.29,1.84,3.7
C0292,Firmware Engineer,"Embedded Security, Microcontroller Architecture, Memory Management, Embedded C, Hardware Datasheet Interpretation, Bootloader Development, Assembly Language, Device Drivers, I2C/SPI/UART Peripheral Interfacing",B.E. Electrical and Electronics Engineering,Mid-level (3-6 yrs),5.9,None,3.56,3.52,1.53,1.07,2.19,3.68
C0293,Firmware Engineer,"Assembly Language, Microcontroller Architecture, Device Drivers, Embedded C, I2C/SPI/UART Peripheral Interfacing, Git, Bootloader Development, Power Management",B.E. Computer Science Engineering,Mid-level (3-6 yrs),5.9,Embedded Systems Certification,4.37,4.72,1.94,1.76,2.42,3.91
C0294,Firmware Engineer,"JTAG/SWD Debugging, RTOS, Static Code Analysis, Device Drivers, Power Management, Embedded C, Firmware OTA Updates, Microcontroller Architecture, Git, Assembly Language",B.E. Computer Science Engineering,Mid-level (3-6 yrs),5.7,Embedded Systems Certification,3.29,3.66,1.67,2.05,2.47,3.28
C0295,Firmware Engineer,"Static Code Analysis, JTAG/SWD Debugging, Embedded Security, Microcontroller Architecture, Real-Time Debugging, Git, Bootloader Development, I2C/SPI/UART Peripheral Interfacing, Device Drivers, Embedded C, Assembly Language",B.E. Computer Science Engineering,Entry-level (0-1 yrs / Fresher),1.0,None,4.16,4.2,1.58,1.25,1.43,3.53
C0296,Firmware Engineer,"Device Drivers, Embedded C, Cross-compilation Toolchains, Microcontroller Architecture, I2C/SPI/UART Peripheral Interfacing, RTOS, Power Management, Memory Management, Assembly Language",B.E. Electrical and Electronics Engineering,Senior (6-10 yrs),9.7,None,3.87,3.5,1.77,1.64,1.95,2.95
C0297,Firmware Engineer,"Device Drivers, Microcontroller Architecture, RTOS, Assembly Language, Embedded C, Hardware Datasheet Interpretation, JTAG/SWD Debugging, Power Management, Bootloader Development, Board Support Package (BSP) Development, Cross-compilation Toolchains",M.Tech Embedded Systems,Junior (1-3 yrs),1.4,ARM Accredited Engineer,3.9,3.79,1.9,1.07,1.68,3.34
C0298,Firmware Engineer,"Memory Management, Assembly Language, Device Drivers, Firmware OTA Updates, Microcontroller Architecture, I2C/SPI/UART Peripheral Interfacing, Embedded C, JTAG/SWD Debugging",M.Tech Embedded Systems,Junior (1-3 yrs),1.2,None,4.01,3.48,2.46,1.29,1.9,3.27
C0299,Firmware Engineer,"Embedded C, Microcontroller Architecture, Cross-compilation Toolchains, Assembly Language, Power Management, Static Code Analysis, Device Drivers, I2C/SPI/UART Peripheral Interfacing",B.E./B.Tech Electronics and Communication Engineering,Senior (6-10 yrs),9.2,None,3.41,4.27,2.05,1.79,1.92,3.56
C0300,Firmware Engineer,"Assembly Language, Board Support Package (BSP) Development, Embedded Security, Static Code Analysis, Embedded C, Real-Time Debugging, Device Drivers, Git, Microcontroller Architecture",B.E. Electrical and Electronics Engineering,Mid-level (3-6 yrs),5.5,None,3.76,4.22,1.81,1.76,2.53,3.76
C0301,Firmware Engineer,"Microcontroller Architecture, Device Drivers, Real-Time Debugging, Embedded C, Hardware Datasheet Interpretation, Board Support Package (BSP) Development, Assembly Language, Git",B.E./B.Tech Electronics and Communication Engineering,Senior (6-10 yrs),6.7,None,3.87,4.0,1.16,2.01,1.95,4.09
C0302,Firmware Engineer,"Assembly Language, Memory Management, Power Management, Embedded Security, Embedded C, JTAG/SWD Debugging, Device Drivers, Cross-compilation Toolchains, Hardware Datasheet Interpretation, I2C/SPI/UART Peripheral Interfacing, Microcontroller Architecture",B.E./B.Tech Electronics and Communication Engineering,Junior (1-3 yrs),2.3,None,3.51,3.35,2.23,1.58,1.65,3.55
C0303,Firmware Engineer,"Git, Power Management, Memory Management, Real-Time Debugging, Embedded Security, Firmware OTA Updates, Board Support Package (BSP) Development, RTOS, Microcontroller Architecture, Device Drivers, Embedded C, Assembly Language",B.E. Electrical and Electronics Engineering,Senior (6-10 yrs),9.4,None,4.39,4.45,1.95,2.04,2.84,4.08
C0304,Firmware Engineer,"Static Code Analysis, Hardware Datasheet Interpretation, Microcontroller Architecture, Device Drivers, Cross-compilation Toolchains, Embedded Security, Assembly Language, Embedded C, Bootloader Development, I2C/SPI/UART Peripheral Interfacing, Git",M.Tech Embedded Systems,Entry-level (0-1 yrs / Fresher),0.5,None,3.16,4.05,2.5,1.36,2.4,3.29
C0305,Firmware Engineer,"Firmware OTA Updates, Hardware Datasheet Interpretation, Microcontroller Architecture, Device Drivers, Assembly Language, Embedded C, Static Code Analysis, Bootloader Development",B.E. Computer Science Engineering,Mid-level (3-6 yrs),4.3,None,4.13,4.14,1.83,2.04,2.23,3.78
C0306,Firmware Engineer,"Assembly Language, Embedded C, Git, Hardware Datasheet Interpretation, Microcontroller Architecture, Device Drivers, JTAG/SWD Debugging, Board Support Package (BSP) Development, Memory Management, Real-Time Debugging",B.E. Computer Science Engineering,Junior (1-3 yrs),1.3,None,3.65,3.99,1.0,2.34,2.11,3.76
C0307,Firmware Engineer,"Device Drivers, Embedded Security, Memory Management, Power Management, Embedded C, Bootloader Development, Microcontroller Architecture, Assembly Language",B.E./B.Tech Electronics and Communication Engineering,Junior (1-3 yrs),1.2,None,2.53,4.21,1.85,1.03,2.26,2.99
C0308,Firmware Engineer,"Microcontroller Architecture, Board Support Package (BSP) Development, Assembly Language, Cross-compilation Toolchains, RTOS, Device Drivers, Static Code Analysis, Hardware Datasheet Interpretation, Embedded C",B.E./B.Tech Electronics and Communication Engineering,Entry-level (0-1 yrs / Fresher),0.2,ARM Accredited Engineer,4.41,3.46,1.88,1.98,1.76,3.67
C0309,Firmware Engineer,"Real-Time Debugging, Board Support Package (BSP) Development, Power Management, JTAG/SWD Debugging, Device Drivers, Microcontroller Architecture, Embedded C, Assembly Language",B.E. Computer Science Engineering,Mid-level (3-6 yrs),3.9,None,4.13,4.3,1.71,1.32,2.08,3.3
C0310,Firmware Engineer,"Assembly Language, I2C/SPI/UART Peripheral Interfacing, Device Drivers, Hardware Datasheet Interpretation, Firmware OTA Updates, Board Support Package (BSP) Development, Microcontroller Architecture, JTAG/SWD Debugging, Embedded C, Embedded Security, Static Code Analysis, Cross-compilation Toolchains",M.Tech Embedded Systems,Senior (6-10 yrs),9.9,None,3.43,4.26,2.58,1.91,2.5,3.92
C0311,Firmware Engineer,"JTAG/SWD Debugging, Power Management, Cross-compilation Toolchains, Real-Time Debugging, Microcontroller Architecture, Firmware OTA Updates, Device Drivers, Embedded Security, Assembly Language, Static Code Analysis, Memory Management, Embedded C",B.E. Computer Science Engineering,Junior (1-3 yrs),2.8,ARM Accredited Engineer,4.15,4.18,1.6,1.05,3.07,4.38
C0312,Firmware Engineer,"Device Drivers, Microcontroller Architecture, Static Code Analysis, Memory Management, Real-Time Debugging, I2C/SPI/UART Peripheral Interfacing, Board Support Package (BSP) Development, Embedded C, Assembly Language, RTOS",B.E. Computer Science Engineering,Entry-level (0-1 yrs / Fresher),0.7,Embedded Systems Certification,3.77,4.58,2.18,2.17,2.61,3.34
C0313,Firmware Engineer,"I2C/SPI/UART Peripheral Interfacing, Device Drivers, Power Management, Embedded C, Microcontroller Architecture, Bootloader Development, Hardware Datasheet Interpretation, Git, Assembly Language, Static Code Analysis, JTAG/SWD Debugging, Board Support Package (BSP) Development",M.Tech Embedded Systems,Senior (6-10 yrs),6.4,None,3.88,3.95,2.47,2.02,1.77,3.56
C0314,Firmware Engineer,"Embedded C, Microcontroller Architecture, Assembly Language, Embedded Security, Cross-compilation Toolchains, Device Drivers, Static Code Analysis, Hardware Datasheet Interpretation, Real-Time Debugging, Firmware OTA Updates",B.E. Electrical and Electronics Engineering,Junior (1-3 yrs),2.0,None,3.75,3.9,1.48,1.0,2.4,3.69
C0315,Firmware Engineer,"Device Drivers, Assembly Language, Power Management, JTAG/SWD Debugging, RTOS, Static Code Analysis, Embedded C, Bootloader Development, Board Support Package (BSP) Development, Firmware OTA Updates, Microcontroller Architecture",M.Tech Embedded Systems,Mid-level (3-6 yrs),3.9,ARM Accredited Engineer,3.86,3.89,1.59,1.63,2.86,2.98
C0316,Firmware Engineer,"Bootloader Development, Microcontroller Architecture, Assembly Language, JTAG/SWD Debugging, Device Drivers, Git, Embedded C, Board Support Package (BSP) Development, RTOS",B.E. Computer Science Engineering,Mid-level (3-6 yrs),5.3,None,4.18,3.45,1.85,1.86,1.76,2.99
C0317,Firmware Engineer,"Microcontroller Architecture, JTAG/SWD Debugging, Firmware OTA Updates, RTOS, Assembly Language, Static Code Analysis, Hardware Datasheet Interpretation, Embedded C, Board Support Package (BSP) Development, Power Management, Device Drivers",M.Tech Embedded Systems,Entry-level (0-1 yrs / Fresher),0.6,ARM Accredited Engineer,4.0,4.62,1.58,1.64,1.97,3.39
C0318,Firmware Engineer,"Cross-compilation Toolchains, RTOS, Microcontroller Architecture, Assembly Language, Bootloader Development, Embedded Security, Embedded C, Real-Time Debugging, JTAG/SWD Debugging, Device Drivers, Static Code Analysis",B.E. Computer Science Engineering,Entry-level (0-1 yrs / Fresher),0.3,None,3.12,4.5,1.57,1.98,2.34,3.62
C0319,Firmware Engineer,"Embedded Security, Cross-compilation Toolchains, RTOS, Embedded C, Microcontroller Architecture, JTAG/SWD Debugging, Device Drivers, Memory Management, Assembly Language",B.E. Electrical and Electronics Engineering,Entry-level (0-1 yrs / Fresher),0.7,Embedded Systems Certification,3.53,4.32,1.4,1.88,1.67,4.03
C0320,Firmware Engineer,"Assembly Language, Microcontroller Architecture, Embedded C, Embedded Security, I2C/SPI/UART Peripheral Interfacing, Bootloader Development, Hardware Datasheet Interpretation, Device Drivers",B.E./B.Tech Electronics and Communication Engineering,Mid-level (3-6 yrs),4.4,None,3.89,4.14,1.11,1.04,2.7,3.56
C0321,Signal Processing Engineer,"MATLAB, Signal Modulation Techniques, Statistical Signal Processing, Adaptive Filtering, Python (NumPy/SciPy), Simulink, Image Processing, FFT/Fourier Analysis, Filter Design, TI C6000 DSP Chips, Digital Signal Processing (DSP) Algorithms, Convolution and Correlation",B.E. Electronics Engineering,Entry-level (0-1 yrs / Fresher),0.0,None,3.14,4.37,1.86,1.4,2.84,3.53
C0322,Signal Processing Engineer,"FFT/Fourier Analysis, Filter Design, Python (NumPy/SciPy), Simulink, Image Processing, Digital Signal Processing (DSP) Algorithms, MATLAB, Sampling Theory, Audio/Speech Processing, Statistical Signal Processing",B.E. Electronics Engineering,Entry-level (0-1 yrs / Fresher),0.8,MATLAB Certified Associate,2.8,4.31,1.28,1.58,2.72,2.56
C0323,Signal Processing Engineer,"Statistical Signal Processing, Radar/Sonar Signal Processing, Audio/Speech Processing, Digital Signal Processing (DSP) Algorithms, MATLAB, FFT/Fourier Analysis, Kalman Filtering, Python (NumPy/SciPy), Filter Design, C/C++",B.E. Electronics Engineering,Entry-level (0-1 yrs / Fresher),0.9,None,1.87,4.94,1.8,1.0,1.32,3.03
C0324,Signal Processing Engineer,"Wavelet Transform, MATLAB, Radar/Sonar Signal Processing, Simulink, Convolution and Correlation, Filter Design, FFT/Fourier Analysis, Digital Signal Processing (DSP) Algorithms",B.E./B.Tech Electronics and Communication Engineering,Entry-level (0-1 yrs / Fresher),0.5,None,2.33,4.6,2.32,1.64,2.33,3.02
C0325,Signal Processing Engineer,"Sampling Theory, Spectral Analysis, Simulink, MATLAB, FFT/Fourier Analysis, Python (NumPy/SciPy), Digital Signal Processing (DSP) Algorithms, Filter Design",M.Tech Signal Processing,Entry-level (0-1 yrs / Fresher),0.2,None,2.85,4.71,1.76,1.6,2.23,3.81
C0326,Signal Processing Engineer,"Python (NumPy/SciPy), Digital Signal Processing (DSP) Algorithms, TI C6000 DSP Chips, FFT/Fourier Analysis, MATLAB, Signal Modulation Techniques, Adaptive Filtering, Simulink, Sampling Theory, Spectral Analysis, Filter Design, Kalman Filtering",B.E./B.Tech Electronics and Communication Engineering,Senior (6-10 yrs),8.6,Coursera DSP Specialization,2.81,4.22,2.23,1.26,2.35,3.53
C0327,Signal Processing Engineer,"Audio/Speech Processing, C/C++, Python (NumPy/SciPy), FFT/Fourier Analysis, Digital Signal Processing (DSP) Algorithms, Filter Design, MATLAB, Convolution and Correlation, Wavelet Transform, Statistical Signal Processing, Kalman Filtering",M.Tech Signal Processing,Senior (6-10 yrs),9.8,None,2.72,4.84,2.52,1.82,2.42,3.27
C0328,Signal Processing Engineer,"FFT/Fourier Analysis, Kalman Filtering, Audio/Speech Processing, Simulink, Filter Design, MATLAB, Digital Signal Processing (DSP) Algorithms, Sampling Theory",M.S. Electrical Engineering,Junior (1-3 yrs),2.9,None,2.65,3.94,1.85,1.52,2.1,3.24
C0329,Signal Processing Engineer,"Digital Signal Processing (DSP) Algorithms, FFT/Fourier Analysis, C/C++, Signal Modulation Techniques, Filter Design, Spectral Analysis, Wavelet Transform, TI C6000 DSP Chips, MATLAB, Adaptive Filtering",B.E./B.Tech Electronics and Communication Engineering,Mid-level (3-6 yrs),5.5,None,3.15,4.88,2.06,2.14,1.97,3.15
C0330,Signal Processing Engineer,"C/C++, FFT/Fourier Analysis, Filter Design, Image Processing, Adaptive Filtering, Digital Signal Processing (DSP) Algorithms, Radar/Sonar Signal Processing, Kalman Filtering, Sampling Theory, MATLAB, Audio/Speech Processing",M.Tech Signal Processing,Junior (1-3 yrs),2.3,MATLAB Certified Associate,2.32,4.86,1.81,1.42,2.08,3.29
C0331,Signal Processing Engineer,"MATLAB, FFT/Fourier Analysis, Filter Design, Simulink, Digital Signal Processing (DSP) Algorithms, Image Processing, Convolution and Correlation, Python (NumPy/SciPy), Sampling Theory",M.S. Electrical Engineering,Mid-level (3-6 yrs),4.1,Coursera DSP Specialization,2.02,4.44,2.18,1.83,2.22,2.74
C0332,Signal Processing Engineer,"Audio/Speech Processing, Kalman Filtering, Image Processing, Digital Signal Processing (DSP) Algorithms, FFT/Fourier Analysis, MATLAB, Statistical Signal Processing, Filter Design",B.E. Electronics Engineering,Mid-level (3-6 yrs),5.6,MATLAB Certified Associate,2.29,4.22,2.23,1.98,2.03,3.09
C0333,Signal Processing Engineer,"TI C6000 DSP Chips, Simulink, MATLAB, Wavelet Transform, FFT/Fourier Analysis, C/C++, Digital Signal Processing (DSP) Algorithms, Filter Design, Statistical Signal Processing",M.Tech Signal Processing,Entry-level (0-1 yrs / Fresher),0.4,Coursera DSP Specialization,2.28,4.9,2.27,1.94,1.4,2.55
C0334,Signal Processing Engineer,"Signal Modulation Techniques, Statistical Signal Processing, MATLAB, TI C6000 DSP Chips, Digital Signal Processing (DSP) Algorithms, Python (NumPy/SciPy), Kalman Filtering, FFT/Fourier Analysis, Wavelet Transform, Filter Design",M.Tech Signal Processing,Mid-level (3-6 yrs),5.7,Coursera DSP Specialization,2.71,4.31,1.53,1.0,1.86,3.43
C0335,Signal Processing Engineer,"MATLAB, Filter Design, FFT/Fourier Analysis, Statistical Signal Processing, Audio/Speech Processing, Convolution and Correlation, Spectral Analysis, Simulink, Digital Signal Processing (DSP) Algorithms, Kalman Filtering, Signal Modulation Techniques",M.S. Electrical Engineering,Mid-level (3-6 yrs),4.8,None,3.2,4.18,1.33,1.19,1.94,3.42
C0336,Signal Processing Engineer,"Kalman Filtering, Wavelet Transform, FFT/Fourier Analysis, Filter Design, MATLAB, Simulink, Digital Signal Processing (DSP) Algorithms, Python (NumPy/SciPy), Signal Modulation Techniques",M.Tech Signal Processing,Senior (6-10 yrs),9.0,MATLAB Certified Associate,2.15,4.5,1.83,1.95,1.78,2.6
C0337,Signal Processing Engineer,"MATLAB, FFT/Fourier Analysis, Radar/Sonar Signal Processing, Python (NumPy/SciPy), Simulink, Digital Signal Processing (DSP) Algorithms, Sampling Theory, Image Processing, Kalman Filtering, Wavelet Transform, Filter Design",B.E. Electronics Engineering,Junior (1-3 yrs),2.9,MATLAB Certified Associate,2.6,4.67,2.0,1.27,1.71,3.17
C0338,Signal Processing Engineer,"MATLAB, FFT/Fourier Analysis, Digital Signal Processing (DSP) Algorithms, Radar/Sonar Signal Processing, Convolution and Correlation, Audio/Speech Processing, Filter Design, Sampling Theory",M.S. Electrical Engineering,Mid-level (3-6 yrs),4.1,None,2.31,4.61,2.77,2.0,1.87,3.65
C0339,Signal Processing Engineer,"Sampling Theory, Spectral Analysis, Kalman Filtering, Simulink, FFT/Fourier Analysis, Python (NumPy/SciPy), Digital Signal Processing (DSP) Algorithms, Convolution and Correlation, Filter Design, Statistical Signal Processing, MATLAB, Adaptive Filtering",M.Tech Signal Processing,Junior (1-3 yrs),3.0,MATLAB Certified Associate,2.94,4.52,2.31,1.0,1.66,3.43
C0340,Signal Processing Engineer,"MATLAB, Digital Signal Processing (DSP) Algorithms, FFT/Fourier Analysis, Spectral Analysis, Simulink, Wavelet Transform, Kalman Filtering, Convolution and Correlation, Radar/Sonar Signal Processing, Signal Modulation Techniques, Image Processing, Filter Design",M.S. Electrical Engineering,Entry-level (0-1 yrs / Fresher),0.3,None,1.74,4.91,1.63,1.81,2.06,3.12
C0341,Signal Processing Engineer,"MATLAB, Wavelet Transform, Signal Modulation Techniques, Sampling Theory, Filter Design, Digital Signal Processing (DSP) Algorithms, FFT/Fourier Analysis, Spectral Analysis, Python (NumPy/SciPy)",M.S. Electrical Engineering,Mid-level (3-6 yrs),4.8,Coursera DSP Specialization,2.8,4.39,2.34,1.49,1.63,2.8
C0342,Signal Processing Engineer,"TI C6000 DSP Chips, Image Processing, Sampling Theory, C/C++, MATLAB, FFT/Fourier Analysis, Statistical Signal Processing, Adaptive Filtering, Spectral Analysis, Digital Signal Processing (DSP) Algorithms, Kalman Filtering, Filter Design",B.E./B.Tech Electronics and Communication Engineering,Senior (6-10 yrs),6.1,None,3.53,4.93,1.94,1.88,1.92,3.07
C0343,Signal Processing Engineer,"Audio/Speech Processing, FFT/Fourier Analysis, MATLAB, Digital Signal Processing (DSP) Algorithms, Signal Modulation Techniques, Filter Design, Wavelet Transform, Convolution and Correlation",B.E. Electronics Engineering,Senior (6-10 yrs),9.0,None,3.37,4.28,2.19,1.8,1.43,3.46
C0344,Signal Processing Engineer,"FFT/Fourier Analysis, Kalman Filtering, Sampling Theory, Spectral Analysis, Statistical Signal Processing, Digital Signal Processing (DSP) Algorithms, MATLAB, Filter Design, Signal Modulation Techniques, Python (NumPy/SciPy), Convolution and Correlation",M.S. Electrical Engineering,Senior (6-10 yrs),7.8,Coursera DSP Specialization,2.57,4.17,2.32,1.3,1.81,2.6
C0345,Signal Processing Engineer,"Statistical Signal Processing, TI C6000 DSP Chips, Image Processing, MATLAB, Digital Signal Processing (DSP) Algorithms, Sampling Theory, Filter Design, Signal Modulation Techniques, Kalman Filtering, FFT/Fourier Analysis",M.Tech Signal Processing,Junior (1-3 yrs),1.5,MATLAB Certified Associate,2.53,4.37,1.87,1.0,2.35,2.98
C0346,Signal Processing Engineer,"Image Processing, Radar/Sonar Signal Processing, Digital Signal Processing (DSP) Algorithms, TI C6000 DSP Chips, Audio/Speech Processing, Kalman Filtering, Spectral Analysis, MATLAB, Convolution and Correlation, Filter Design, Adaptive Filtering, FFT/Fourier Analysis",B.E. Electronics Engineering,Junior (1-3 yrs),1.8,Coursera DSP Specialization,2.6,5.0,2.39,2.05,1.57,3.3
C0347,Signal Processing Engineer,"Simulink, Convolution and Correlation, MATLAB, Statistical Signal Processing, FFT/Fourier Analysis, Filter Design, Digital Signal Processing (DSP) Algorithms, C/C++",B.E./B.Tech Electronics and Communication Engineering,Junior (1-3 yrs),1.6,None,2.89,5.0,2.32,1.62,1.77,3.29
C0348,Signal Processing Engineer,"Filter Design, FFT/Fourier Analysis, Digital Signal Processing (DSP) Algorithms, Convolution and Correlation, TI C6000 DSP Chips, MATLAB, Simulink, Statistical Signal Processing",B.E. Electronics Engineering,Entry-level (0-1 yrs / Fresher),0.6,Coursera DSP Specialization,2.7,3.82,2.35,1.43,2.01,3.37
C0349,Signal Processing Engineer,"Audio/Speech Processing, TI C6000 DSP Chips, C/C++, Simulink, Statistical Signal Processing, Wavelet Transform, Filter Design, MATLAB, Adaptive Filtering, FFT/Fourier Analysis, Digital Signal Processing (DSP) Algorithms",M.Tech Signal Processing,Senior (6-10 yrs),9.8,Coursera DSP Specialization,2.62,4.69,1.97,1.66,1.96,3.15
C0350,Signal Processing Engineer,"Adaptive Filtering, Python (NumPy/SciPy), Radar/Sonar Signal Processing, FFT/Fourier Analysis, Filter Design, Digital Signal Processing (DSP) Algorithms, Simulink, MATLAB, Statistical Signal Processing",B.E./B.Tech Electronics and Communication Engineering,Junior (1-3 yrs),1.5,Coursera DSP Specialization,1.69,3.84,1.8,1.03,2.61,3.09
C0351,Signal Processing Engineer,"Radar/Sonar Signal Processing, C/C++, FFT/Fourier Analysis, Audio/Speech Processing, Filter Design, Kalman Filtering, Signal Modulation Techniques, MATLAB, Simulink, Digital Signal Processing (DSP) Algorithms",B.E./B.Tech Electronics and Communication Engineering,Junior (1-3 yrs),1.0,Coursera DSP Specialization,2.36,5.0,2.03,1.04,2.36,3.34
C0352,Signal Processing Engineer,"Wavelet Transform, Image Processing, Statistical Signal Processing, MATLAB, Simulink, FFT/Fourier Analysis, Digital Signal Processing (DSP) Algorithms, Signal Modulation Techniques, TI C6000 DSP Chips, Filter Design",M.S. Electrical Engineering,Entry-level (0-1 yrs / Fresher),0.2,MATLAB Certified Associate,2.45,4.73,2.84,1.9,2.72,3.15
C0353,Signal Processing Engineer,"Digital Signal Processing (DSP) Algorithms, Audio/Speech Processing, Sampling Theory, Filter Design, Image Processing, MATLAB, Spectral Analysis, Convolution and Correlation, FFT/Fourier Analysis",B.E./B.Tech Electronics and Communication Engineering,Junior (1-3 yrs),2.9,None,3.05,4.79,2.45,1.0,2.01,3.36
C0354,Signal Processing Engineer,"Signal Modulation Techniques, MATLAB, C/C++, FFT/Fourier Analysis, Digital Signal Processing (DSP) Algorithms, Spectral Analysis, Statistical Signal Processing, Kalman Filtering, Python (NumPy/SciPy), Filter Design, Image Processing",M.S. Electrical Engineering,Senior (6-10 yrs),7.5,None,2.16,4.67,1.94,1.0,2.3,2.56
C0355,Signal Processing Engineer,"MATLAB, FFT/Fourier Analysis, Filter Design, Image Processing, Digital Signal Processing (DSP) Algorithms, Spectral Analysis, Adaptive Filtering, Kalman Filtering",B.E. Electronics Engineering,Mid-level (3-6 yrs),4.4,None,2.18,4.33,1.68,2.15,2.3,4.04
C0356,Signal Processing Engineer,"MATLAB, Digital Signal Processing (DSP) Algorithms, FFT/Fourier Analysis, Wavelet Transform, C/C++, Convolution and Correlation, Filter Design, Spectral Analysis",B.E. Electronics Engineering,Senior (6-10 yrs),7.2,Coursera DSP Specialization,2.51,4.56,2.35,1.41,1.76,3.09
C0357,Signal Processing Engineer,"FFT/Fourier Analysis, Audio/Speech Processing, C/C++, Python (NumPy/SciPy), Digital Signal Processing (DSP) Algorithms, Convolution and Correlation, Filter Design, Spectral Analysis, MATLAB, Kalman Filtering, Radar/Sonar Signal Processing",M.S. Electrical Engineering,Entry-level (0-1 yrs / Fresher),0.7,None,2.57,4.94,1.87,1.32,1.21,2.61
C0358,Signal Processing Engineer,"FFT/Fourier Analysis, Spectral Analysis, Filter Design, Digital Signal Processing (DSP) Algorithms, MATLAB, Wavelet Transform, Adaptive Filtering, Simulink, Kalman Filtering",B.E. Electronics Engineering,Mid-level (3-6 yrs),5.1,None,2.04,4.16,2.01,1.0,2.13,3.06
C0359,Signal Processing Engineer,"Audio/Speech Processing, Statistical Signal Processing, Image Processing, Kalman Filtering, Filter Design, TI C6000 DSP Chips, Python (NumPy/SciPy), Digital Signal Processing (DSP) Algorithms, Simulink, Signal Modulation Techniques, FFT/Fourier Analysis, MATLAB",B.E. Electronics Engineering,Junior (1-3 yrs),1.4,None,2.52,4.25,2.4,2.49,1.3,3.42
C0360,Signal Processing Engineer,"Digital Signal Processing (DSP) Algorithms, Signal Modulation Techniques, FFT/Fourier Analysis, MATLAB, TI C6000 DSP Chips, Wavelet Transform, Filter Design, C/C++, Statistical Signal Processing",B.E./B.Tech Electronics and Communication Engineering,Mid-level (3-6 yrs),3.3,Coursera DSP Specialization,2.54,4.86,1.61,1.37,1.91,3.04
